Group #,Category/Family,Kept Product Name,Kept Product ID,Old Product Name,Old Product ID,Final Quantity,Qty Added from Old,Sales Reassigned,Purchases Reassigned
"1","TIMGAD CERAM","JULIA CREMA RELIEFE 30/90 (M²)","3057","JULIA CREMA RELIEFE 30/90 (Mý)","20","3167.1","0","0","0"
"2","TECHNO CERAM","IDEAL NATUREL POLI REC 90/90 (2éme)","3234","IDEAL NATUREL POLI REC 90/90 (2me)","101","1749.6","0","0","0"
"3","TIMGAD CERAM","EVA GRIS DARK 25/75","3571","EVA DARK GRIS 25/75","113","1920","864","2","0"
"4","TIMGAD CERAM","EVA GRIS LIGHT 25/75","3573","EVA LIGHT GRIS 25/75","117","1728","672","3","0"
"5","TECHNO CERAM","CANADA MARBRE POLI REC 150/75 (2éme)","3258","CANADA MARBRE POLI REC 150/75 (2me)","124","675","0","0","0"
"6","SANI DECOR","SIEGE SEPARE SMILE (2éme) (SD2-621-ECO)","3059","SIEGE SEPARE SMILE (2me) (SD2-621-ECO)","136","21","0","0","0"
"7","TECHNO CERAM","DENVER BLANC RELIEFE 30/90 (M²)","3080","DENVER BLANC RELIEFE 30/90 (Mý)","142","1477.44","0","0","0"
"8","TIMGAD CERAM","MARBELLA RELIEFE 30/90 (36C) (M²)","3096","MARBELLA RELIEFE 30/90 (36C) (Mý)","152","1150.2","0","0","0"
"9","TIMGAD CERAM","SYDNEY GRIS/LV 45/90","3659","SYDNEY GRIS 45/90 LV","187","8064","8064","1","3"
"10","TIMGAD CERAM","MOTIF MONZA 45/90 (M²)","3311","MOTIF MONZA 45/90 (Mý)","200","1292.76","0","0","0"
"11","TIMGAD CERAM","SYDNEY GRIS RELIEFE 45/90 (M²)","3136","SYDNEY GRIS RELIEFE 45/90 (Mý)","248","773.955","0","0","0"
"12","TIMGAD CERAM","MADRID RELIEFE 45/90 (M²)","3129","MADRID RELIEFE 45/90 (Mý)","285","767.88","0","0","0"
"13","TIMGAD CERAM","SAMARA RELIEFE 45/90 (M²)","3054","SAMARA RELIEFE 45/90 (Mý)","287","798.255","0","0","0"
"14","TECHNO CERAM","ENERGIE REC 120/60 (2éme)","3292","ENERGIE REC 120/60 (2me)","291","128.48","0","0","0"
"15","TECHNO CERAM","AVION CREMA RELIEFE 30/90 (M²)","3071","AVION CREMA RELIEFE 30/90 (Mý)","301","855.36","0","0","0"
"16","TIMGAD CERAM","EVA GRIS DARK 45/45","3572","EVA DARK GRIS 45/45","303","681.6","0","0","0"
"17","TIMGAD CERAM","STYLE RELIEFE 25/75 (M²)","3083","STYLE RELIEFE 25/75 (Mý)","314","904.5","0","0","0"
"18","NAF CERAM","MALAGA GOLD RELIEFE 25/75 (M²)","3263","MALAGA GOLD RELIEFE 25/75 (Mý)","316","0","0","0","0"
"19","TECHNO CERAM","FIRST PERLA RELIEFE 30/90 (M²)","3074","FIRST PERLA RELIEFE 30/90 (Mý)","333","388.8","0","0","0"
"20","TECHNO CERAM","DENVER GRAFITO RELIEFE 25/75 (M²)","3050","DENVER GRAFITO RELIEFE 25/75 (Mý)","360","754.56","0","0","0"
"21","TECHNO CERAM","ROCKWELL TOFFEE RELIEFE 30/90 (M²)","3105","ROCKWELL TOFFEE RELIEFE 30/90 (Mý)","375","466.56","0","0","0"
"22","SAM CERAM","PALMYRE NOIR 45/45 (2éme)","3069","PALMYRE NOIR 45/45 (2me)","376","460.08","0","0","0"
"23","TECHNO CERAM","TERRE PERLA POLI REC 150/75 (2éme)","3302","TERRE PERLA POLI REC 150/75 (2me)","403","472.5","0","0","0"
"24","TIMGAD CERAM","ALPE RELIEFE 45/90 (M²)","3143","ALPE RELIEFE 45/90 (Mý)","411","468.99","0","0","0"
"25","TECHNO CERAM","FORMULA MARFIL RELIEFE 45/90 (M²)","3130","FORMULA MARFIL RELIEFE 45/90 (Mý)","422","232.32","0","0","0"
"26","TECHNO CERAM","CALACATA RELIEFE 45/90 (48C) (M²)","3260","CALACATA RELIEFE 45/90 (48C) (Mý)","424","233.28","0","0","0"
"27","TECHNO CERAM","VENICIA GOLD RELIEFE 45/90 (M²)","3304","VENICIA GOLD RELIEFE 45/90 (Mý)","437","58.32","0","0","0"
"28","TECHNO CERAM","VERONA MARFIL RELIEFE 45/90 (M²)","3064","VERONA MARFIL RELIEFE 45/90 (Mý)","439","392.04","0","0","0"
"29","TIMGAD CERAM","HAWAI PERLA RELIEFE 30/90 (M²)","3097","HAWAI PERLA RELIEFE 30/90 (Mý)","456","392.04","0","0","0"
"30","TIMGAD CERAM","SYDNEY BEIGE RELIEFE 45/90 (M²)","3131","SYDNEY BEIGE RELIEFE 45/90 (Mý)","459","250.29","0","0","0"
"31","TECHNO CERAM","CELINE MARFIL RELIEFE 30/90 (M²)","3075","CELINE MARFIL RELIEFE 30/90 (Mý)","466","383.94","0","0","0"
"32","TECHNO CERAM","ROCKWELL TOFFEE 30/90 (2éme)","3173","ROCKWELL TOFFEE 30/90 (2me)","467","0","0","0","0"
"33","TECHNO CERAM","CHICAGO MARFIL RELIEFE 25/75 (M²)","3061","CHICAGO MARFIL RELIEFE 25/75 (Mý)","475","419.2","0","0","0"
"34","TIMGAD CERAM","PLAZA GREEN POLI REC 120/60","3629","PLAZA GREEN POLI/REC 120/60","478","210","0","0","0"
"35","TECHNO CERAM","ROMA BLANC RELIEFE 120/60 (2éme)","3217","ROMA BLANC RELIEFE 120/60 (2me)","482","350","0","0","0"
"36","TIMGAD CERAM","LEO MARFIL RELIEFE 25/75 (M²)","3085","LEO MARFIL RELIEFE 25/75 (Mý)","495","417","0","0","0"
"37","TIMGAD CERAM","GLASS BEIGE RELIEFE 25/75 (M²)","3088","GLASS BEIGE RELIEFE 25/75 (Mý)","500","414","0","0","0"
"38","TECHNO CERAM","TESLA BEIGE RELIEFE 30/90 (M²)","3072","TESLA BEIGE RELIEFE 30/90 (Mý)","523","311.04","0","0","0"
"39","TECHNO CERAM","VERONA GRIS RELIEFE 45/90 (M²)","3060","VERONA GRIS RELIEFE 45/90 (Mý)","525","261.36","0","0","0"
"40","TECHNO CERAM","VIVA PERLA RELIEFE 30/90 (M²)","3067","VIVA PERLA RELIEFE 30/90 (Mý)","539","77.76","0","0","0"
"41","SANI DECOR","SIEGE MONO-BLOCK MATRIX (2éme) (SP-618-PK)","3108","SIEGE MONO-BLOCK MATRIX (2me) (SP-618-PK)","554","33","0","0","0"
"42","CERAM DECOR","OSLO BEIGE RELIEFE 25/80 (M²)","3098","OSLO BEIGE RELIEFE 25/80 (Mý)","555","255.6","0","0","0"
"43","TIMGAD CERAM","MARBELLA RELIEFE 30/90 (42C) (M²)","3095","MARBELLA RELIEFE 30/90 (42C) (Mý)","563","183.06","0","0","0"
"44","SANI DECOR","SIEGE SEPARE PRIMA (2éme) (SD-751-ECO)","3145","SIEGE SEPARE PRIMA (2me) (SD-751-ECO)","572","3","0","0","0"
"45","TECHNO CERAM","URBAIN PERLA SIMPLE RELIEFE 30/90 (M²)","3053","URBAIN PERLA SIMPLE RELIEFE 30/90 (Mý)","585","155.52","0","0","0"
"46","TECHNO CERAM","ITALY BLANC RELIEFE (B) 25/75 (M²)","3056","ITALY BLANC RELIEFE (B) 25/75 (Mý)","588","251.52","0","0","0"
"47","TECHNO CERAM","ITALY BLANC RELIEFE (A) 25/75 (M²)","3055","ITALY BLANC RELIEFE (A) 25/75 (Mý)","589","167.68","0","0","0"
"48","TIMGAD CERAM","VERONA BEIGE RELIEFE 25/75 (M²)","3091","VERONA BEIGE RELIEFE 25/75 (Mý)","594","273","0","0","0"
"49","NAF CERAM","ELEGANCE GOLD 25/60 (2éme)","3290","ELEGANCE GOLD 25/60 (2me)","601","0","0","0","0"
"50","TIMGAD CERAM","DORIAN GRIS RELIEFE 25/75 (M²)","3089","DORIAN GRIS RELIEFE 25/75 (Mý)","604","253.5","0","0","0"
"51","NAF CERAM","MOTIF ELEGANCE GOLD 25/60 (2éme)","3296","MOTIF ELEGANCE GOLD 25/60 (2me)","620","900","0","0","0"
"52","SANI DECOR","SIEGE SEPARE OMEGA VERTICAL (2éme) (SD2-750-VER)","3226","SIEGE SEPARE OMEGA VERTICAL (2me) (SD2-750-VER)","627","13","0","0","0"
"53","TECHNO CERAM","REMINI BLEU RELIEFE 30/90 (M²)","3052","REMINI BLEU RELIEFE 30/90 (Mý)","645","155.52","0","0","0"
"54","TECHNO CERAM","EXTRA MARFIL SIMPLE RELIEFE 30/90 (M²)","3076","EXTRA MARFIL SIMPLE RELIEFE 30/90 (Mý)","646","77.76","0","0","0"
"55","TECHNO CERAM","SAVANA MARFIL RELIEFE 25/75 (M²)","3049","SAVANA MARFIL RELIEFE 25/75 (Mý)","648","167.68","0","0","0"
"56","TECHNO CERAM","CLARA GOLD POLI REC 90/90 (2éme)","3237","CLARA GOLD POLI REC 90/90 (2me)","651","129.6","0","0","0"
"57","CERAM DECOR","CATANIA SILVER RELIEFE 45/90 (M²)","3252","CATANIA SILVER RELIEFE 45/90 (Mý)","652","58.32","0","0","0"
"58","ELVA CERAM","CARLA GRIS REC 60/60 (2éme)","3070","CARLA GRIS REC 60/60 (2me)","675","51.84","0","1","0"
"59","NAF CERAM","MALAGA SILVER RELIEFE 25/75 (M²)","3271","MALAGA SILVER RELIEFE 25/75 (Mý)","701","105","0","0","0"
"60","TIMGAD CERAM","DORIAN WHITE RELIEFE 25/75 (M²)","3094","DORIAN WHITE RELIEFE 25/75 (Mý)","703","174","0","0","0"
"61","CERAM DECOR","GEANT BEIGE 45/45 (2éme)","3280","GEANT BEIGE 45/45 (2me)","707","0","0","0","0"
"62","NAF CERAM","MOTIF ELEGANCE SILVER 25/60 (2éme)","3297","MOTIF ELEGANCE SILVER 25/60 (2me)","733","750","0","0","0"
"63","SANI DECOR","SIEGE SUSPENDUE DELTA (2éme) (SD-522-PK)","3148","SIEGE SUSPENDUE DELTA (2me) (SD-522-PK)","749","15","0","0","0"
"64","SANI DECOR","SIEGE TURQUE FLORA (SD2-355-ST) (2éme)","3310","SIEGE TURQUE FLORA (SD2-355-ST) (2me)","753","8","0","0","0"
"65","TECHNO CERAM","MARABELLA RELIEFE 30/90 (2éme)","3268","MARABELLA RELIEFE 30/90 (2me)","778","77.76","0","0","0"
"66","NAF CERAM","TEMACINE GRIS RELIEFE 25/60 (M²)","3121","TEMACINE GRIS RELIEFE 25/60 (Mý)","779","72","0","0","0"
"67","CERAM DECOR","BRITISH LIGHT REC 20/90 (2éme)","3132","BRITISH LIGHT REC 20/90 (2me)","787","0","0","0","0"
"68","TECHNO CERAM","SIFAR MARFIL POLI REC 90/90 (2éme)","3235","SIFAR MARFIL POLI REC 90/90 (2me)","794","0","0","0","0"
"69","SANI DECOR","AVABO VENUS (2éme) (SD-1065)","3162","AVABO VENUS (2me) (SD-1065)","806","6","0","0","0"
"70","CERAM DECOR","CHANEL GRIS REC 60/60 (2éme)","3264","CHANEL GRIS REC 60/60 (2me)","808","483.84","0","0","0"
"71","SAM CERAM","CLEAN DECOR 25/75 (2éme)","3113","CLEAN DECOR 25/75 (2me)","812","72","0","0","0"
"72","ROYAL CERAM","NOOR CREMA 45/45 (2éme)","3298","NOOR CREMA 45/45 (2me)","814","68.16","0","0","0"
"73","TECHNO CERAM","ROMA BLANC RELIEFE WAVE (A) 45/90 (M²)","3078","ROMA BLANC RELIEFE WAVE (A) 45/90 (Mý)","826","0","0","0","0"
"74","ELVA CERAM","JAPAN GRIS DECOR REC 120/60 (2éme)","3119","JAPAN GRIS DECOR REC 120/60 (2me)","834","68","0","0","0"
"75","TIMGAD CERAM","TOKYO BEIGE RELIEFE 25/75 (M²)","3090","TOKYO BEIGE RELIEFE 25/75 (Mý)","835","93","0","0","0"
"76","NAF CERAM","PIXEL GRIS RELIEFE 25/75 (M²)","3267","PIXEL GRIS RELIEFE 25/75 (Mý)","848","45","0","0","0"
"77","NAF CERAM","TEMACINE BEIGE RELIEFE 25/60 (M²)","3120","TEMACINE BEIGE RELIEFE 25/60 (Mý)","858","84","0","0","0"
"78","NAF CERAM","DIANA BEIGE RELIEFE 25/60 (M²)","3125","DIANA BEIGE RELIEFE 25/60 (Mý)","859","42","0","0","0"
"79","TIMGAD CERAM","SWEET GRIS RELIEFE 25/75 (M²)","3086","SWEET GRIS RELIEFE 25/75 (Mý)","901","1638","0","0","0"
"80","NAF CERAM","ALASKA SILVER RELIEFE 25/75 (M²)","3221","ALASKA SILVER RELIEFE 25/75 (Mý)","904","42","0","0","0"
"81","SEK CERAM","MOTIF AXEL M² 25/60","3099","MOTIF AXEL Mý 25/60","906","273","0","0","0"
"82","SANI DECOR","SIEGE SEPARE NICE PLUS VERTICAL (2éme) (SD2-620-ECOV)","3207","SIEGE SEPARE NICE PLUS VERTICAL (2me) (SD2-620-ECOV)","911","5","0","0","0"
"83","NAF CERAM","MOTIF MALAGA GOLD 25/75 (2éme)","3287","MOTIF MALAGA GOLD 25/75 (2me)","912","192","0","0","0"
"84","NAF CERAM","DIAMOND SILVER RELIEFE 25/60 (M²)","3112","DIAMOND SILVER RELIEFE 25/60 (Mý)","913","106.5","0","0","0"
"85","TECHNO CERAM","ALEXA RELIEFE 30/90 (M²)","3073","ALEXA RELIEFE 30/90 (Mý)","915","64.8","0","0","0"
"86","ELVA CERAM","OSCAR MATT REC 60/60 (2éme)","3103","OSCAR MATT REC 60/60 (2me)","916","0","0","2","0"
"87","CERAM DECOR","SNOW WHITE RELIEFE 30/90 (M²)","3101","SNOW WHITE RELIEFE 30/90 (Mý)","919","46.2","0","0","0"
"88","SANI DECOR","AVABO SUSPENDUE WASH (2éme) (SD2-1055-SC)","3222","AVABO SUSPENDUE WASH (2me) (SD2-1055-SC)","923","0","0","0","0"
"89","SANI DECOR","SIEGE SUSPENDUE ELITE (2éme) (SD2-523-SS)","3146","SIEGE SUSPENDUE ELITE (2me) (SD2-523-SS)","942","4","0","0","0"
"90","NAF CERAM","DIAMOND GOLD RELIEFE 25/60 (M²)","3114","DIAMOND GOLD RELIEFE 25/60 (Mý)","957","0","0","0","0"
"91","TIMGAD CERAM","ACRA GRIS RELIEFE 25/75 (M²)","3093","ACRA GRIS RELIEFE 25/75 (Mý)","967","384","0","0","0"
"92","CERAM DECOR","CHANEL GRIS RELIEFE 30/90 (M²)","3165","CHANEL GRIS RELIEFE 30/90 (Mý)","990","5.28","0","0","0"
"93","SANI DECOR","AVABO SUSPENDUE TWIN S-COL (2éme)","3223","AVABO SUSPENDUE TWIN S-COL (2me)","993","0","0","0","0"
"94","ELVA CERAM","CARLA BEIGE REC 60/60 (2éme)","3100","CARLA BEIGE REC 60/60 (2me)","999","51.84","0","0","0"
"95","NAF CERAM","MAJESTIC SILVER RELIEFE 25/75 (M²)","3168","MAJESTIC SILVER RELIEFE 25/75 (Mý)","1007","0","0","0","0"
"96","TIMGAD CERAM","FICHE:DRAGON GREEN POLI REC 120/60","3748","FICHE: DRAGON GREEN POLI/REC 120/60","1013","2","0","0","0"
"97","TECHNO CERAM","ROMA BLANC BRILLANT REC 60/60 (2éme)","3300","ROMA BLANC BRILLANT REC 60/60 (2me)","1102","0","0","1","0"
"98","CERAM DECOR","LEGEND GRIS REC 60/60 (2éme)","3261","LEGEND GRIS REC 60/60 (2me)","1112","0","0","0","0"
"99","TIMGAD CERAM","FICHE:COSMO GRIS POLI REC 120/60","3746","FICHE: COSMO GRIS POLI/REC 120/60","1126","1","0","0","0"
"100","CERAM DECOR","LEGEND BEIGE REC 60/60 (2éme)","3262","LEGEND BEIGE REC 60/60 (2me)","1205","0","0","0","0"
"101","TECHNO CERAM","MARINA BLANC REC 60/60 (2éme)","3166","MARINA BLANC REC 60/60 (2me)","1233","0","0","0","0"
"102","CERAM DECOR","SAVANA WHITE REC 60/60 (2éme)","3301","SAVANA WHITE REC 60/60 (2me)","1270","0","0","0","0"
"103","TECHNO CERAM","ROMA BLANC POLI REC 90/90 (2éme)","3214","ROMA BLANC POLI REC 90/90 (2me)","1278","0","0","0","0"
"104","TECHNO CERAM","SIFAR GRIS POLI REC 90/90 (2éme)","3215","SIFAR GRIS POLI REC 90/90 (2me)","1280","0","0","0","0"
"105","TECHNO CERAM","OSCAR MIX RELIEFE 120/60 (2éme)","3218","OSCAR MIX RELIEFE 120/60 (2me)","1285","0","0","0","0"
"106","CERAM DECOR","4D CALACATA REC 60/60 (2éme)","3213","4D CALACATA REC 60/60 (2me)","1292","0","0","0","0"
"107","TECHNO CERAM","ARIEL MARFIL REC 60/60 (2éme)","3219","ARIEL MARFIL REC 60/60 (2me)","1304","0","0","0","0"
"108","CERAM DECOR","TORINO WHITE REC 60/60 (2éme)","3303","TORINO WHITE REC 60/60 (2me)","1308","0","0","0","0"
"109","TECHNO CERAM","RITAL MARFIL REC 60/60 (2éme)","3177","RITAL MARFIL REC 60/60 (2me)","1335","103.68","0","0","0"
"110","CERAM DECOR","CHANEL BEIGE RELIEFE 30/90 (M²)","3185","CHANEL BEIGE RELIEFE 30/90 (Mý)","1344","0","0","0","0"
"111","TECHNO CERAM","PRESIDENT BEIGE 45/90 (2éme)","3172","PRESIDENT BEIGE 45/90 (2me)","1350","0","0","0","0"
"112","TECHNO CERAM","VERONA GRIS REC (2éme)","3236","VERONA GRIS REC (2me)","1351","51.84","0","0","0"
"113","TECHNO CERAM","JET CREMA REC 60/60 (2éme)","3178","JET CREMA REC 60/60 (2me)","1376","0","0","0","0"
"114","TIMGAD CERAM","JULIA WHITE RELIEFE 30/90 (M²)","3058","JULIA WHITE RELIEFE 30/90 (Mý)","1389","0","0","0","0"
"115","TECHNO CERAM","CALACATA REC 60/60 (2éme)","3170","CALACATA REC 60/60 (2me)","1439","0","0","1","0"
"116","CERAM DECOR","OPERA CREMA 30/90 (2éme)","3155","OPERA CREMA 30/90 (2me)","1471","0","0","0","0"
"117","TIMGAD CERAM","FICHE:JASMINE POLI REC 120/60","3769","FICHE:JASMINE POLI/REC 120/60","1487","1","0","0","0"
"118","CERAM DECOR","FICHE:CALACATA 4D 30/90","2697","FICHE:4D CALACATA REC 30/90","1605","1","0","0","0"
"119","CERAM DECOR","BAVARIA GRIS REC 60/60 (2éme)","3246","BAVARIA GRIS REC 60/60 (2me)","1631","0","0","0","0"
"120","CERAM DECOR","PRIVA BEIGE RELIEFE 25/80 (M²)","3198","PRIVA BEIGE RELIEFE 25/80 (Mý)","1695","0","0","0","0"
"121","CERAM DECOR","ONE BEIGE REC 60/60 (2éme)","3239","ONE BEIGE REC 60/60 (2me)","1702","0","0","0","0"
"122","CERAM DECOR","METRO LUXE GOLD RELIEFE 30/90 (M²)","3256","METRO LUXE GOLD RELIEFE 30/90 (Mý)","1796","0","0","0","0"
"123","CERAM DECOR","TRAVA BEIGE REC 60/60 (2éme)","3248","TRAVA BEIGE REC 60/60 (2me)","1815","0","0","0","0"
"124","CERAM DECOR","STORM CALACATA RELIEFE 25/80 (M²)","3193","STORM CALACATA RELIEFE 25/80 (Mý)","1816","0","0","0","0"
"125","CERAM DECOR","TRAVA GRIS REC 60/60 (2éme)","3249","TRAVA GRIS REC 60/60 (2me)","1817","0","0","0","0"
"126","CERAM DECOR","CHANEL BEIGE GLOSSY REC 60/60 (2éme)","3250","CHANEL BEIGE GLOSSY REC 60/60 (2me)","1860","103.68","0","0","0"
"127","TIMGAD CERAM","VERONA GRIS RELIEFE 25/75 (M²)","3092","VERONA GRIS RELIEFE 25/75 (Mý)","1900","0","0","0","0"
"128","TIMGAD CERAM","MAJESTIC RELIEFE 25/75 (M²)","3087","MAJESTIC RELIEFE 25/75 (Mý)","1906","0","0","0","0"
"129","CERAM DECOR","FICHE:WOOD DARK GRIS+GRIS BLACK 30/90","3849","FICHE:WOOD DARK GRIS +GRIS BLACK 30/90","1912","7","0","0","0"
"130","ELVA CERAM","JAPAN LIGHT REC 60/60 (2éme)","3186","JAPAN LIGHT REC 60/60 (2me)","1930","0","0","0","0"
"131","ELVA CERAM","MARCHE PORTLAND BEIGE 120/60 (2éme)","3288","MARCHE PORTLAND BEIGE 120/60 (2me)","1934","0","0","0","0"
"132","ELVA CERAM","VITA GRIS POLI REC 120/60 (2éme)","3122","VITA GRIS POLI REC 120/60 (2me)","1945","0","0","0","0"
"133","NAF CERAM","ALASKA GOLD RELIEFE 25/75 (M²)","3220","ALASKA GOLD RELIEFE 25/75 (Mý)","1947","0","0","0","0"
"134","ELVA CERAM","OSCAR SILVER REC 60/60 (2éme)","3144","OSCAR SILVER REC 60/60 (2me)","1950","0","0","0","0"
"135","ELVA CERAM","POLO SILVER REC 60/60 (2éme)","3180","POLO SILVER REC 60/60 (2me)","1951","0","0","0","0"
"136","NAF CERAM","CRYSTALE RELIEFE 30/60 (M²)","3111","CRYSTALE RELIEFE 30/60 (Mý)","1970","0","0","0","0"
"137","ELVA CERAM","JAPAN LIGHT GRIS REC 120/60 (2éme)","3118","JAPAN LIGHT GRIS REC 120/60 (2me)","1971","0","0","0","0"
"138","ELVA CERAM","MARCHE PORTLAND LIGHT GRIS 120/60 (2éme)","3285","MARCHE PORTLAND LIGHT GRIS 120/60 (2me)","1972","0","0","0","0"
"139","ELVA CERAM","JAPAN DARK GRIS REC 120/60 (2éme)","3117","JAPAN DARK GRIS REC 120/60 (2me)","1974","0","0","0","0"
"140","ELVA CERAM","MARCHE URBAIN SILVER 120/60 (2éme)","3284","MARCHE URBAIN SILVER 120/60 (2me)","1977","0","0","0","0"
"141","ELVA CERAM","SOFT WOOD BEIGE 20/75 (2éme)","3243","SOFT WOOD BEIGE 20/75 (2me)","1980","0","0","0","0"
"142","ELVA CERAM","SOFT WOOD LIGHT GRIS 20/75 (2éme)","3244","SOFT WOOD LIGHT GRIS 20/75 (2me)","1981","0","0","0","0"
"143","GALA CERAM","FICHE:SINAΪ REC 60/60","3823","FICHE:SINA? REC 60/60","1999","0","0","0","0"
"144","ELVA CERAM","PERLE TURQUOISE POLI REC 120/60 (2éme)","3247","PERLE TURQUOISE POLI REC 120/60 (2me)","2007","0","0","0","0"
"145","NAF CERAM","MALAGA GOLD 25/75 (2éme)","3286","MALAGA GOLD 25/75 (2me)","2031","0","0","0","0"
"146","ELVA CERAM","SOFT WOOD NATURE 20/75 (2éme)","3245","SOFT WOOD NATURE 20/75 (2me)","2040","0","0","0","0"
"147","NAF CERAM","GLORIA GRIS RELIEFE 25/60 (M²)","3123","GLORIA GRIS RELIEFE 25/60 (Mý)","2041","0","0","0","0"
"148","ELVA CERAM","TITAN BEIGE REC 60/60 (2éme)","3081","TITAN BEIGE REC 60/60 (2me)","2042","0","0","0","0"
"149","ROYAL CERAM","ATLANTA BEIGE RELIEFE 45/90 (M²)","3253","ATLANTA BEIGE RELIEFE 45/90 (Mý)","2050","0","0","0","0"
"150","ROYAL CERAM","NERO BLACK POLI REC 45/90 (2éme)","3254","NERO BLACK POLI REC 45/90 (2me)","2059","0","0","0","0"
"151","ROYAL CERAM","NERO BLANC 45/90 (2éme)","3255","NERO BLANC 45/90 (2me)","2060","0","0","0","0"
"152","ROYAL CERAM","NEST OXID 33/33 (2éme)","3152","NEST OXID 33/33 (2me)","2069","0","0","0","0"
"153","ROYAL CERAM","JIAN MARBRE REC 60/60 (2éme)","3191","JIAN MARBRE REC 60/60 (2me)","2070","0","0","0","0"
"154","ROYAL CERAM","ARCILLA ROJO 33/33 (2éme)","3153","ARCILLA ROJO 33/33 (2me)","2074","0","0","0","0"
"155","ROYAL CERAM","ORION MARBRE 45/45 (2éme)","3299","ORION MARBRE 45/45 (2me)","2080","0","0","0","0"
"156","ROYAL CERAM","ROME MARBRE POLI REC 60/60 (2éme)","3200","ROME MARBRE POLI REC 60/60 (2me)","2099","0","0","0","0"
"157","ROYAL CERAM","NEVERTI MARBRE REC 60/60 (2éme)","3161","NEVERTI MARBRE REC 60/60 (2me)","2104","0","0","0","0"
"158","ROYAL CERAM","TOKYO BLACK POLI REC 60/60 (2éme)","3204","TOKYO BLACK POLI REC 60/60 (2me)","2107","0","0","0","0"
"159","ROYAL CERAM","ARCILLA TAUPE 33/33 (2éme)","3151","ARCILLA TAUPE 33/33 (2me)","2111","0","0","0","0"
"160","ROYAL CERAM","NEST GRIS 33/33 (2éme)","3150","NEST GRIS 33/33 (2me)","2153","0","0","0","0"
"161","ELVA CERAM","CASTEL BEIGE 3D WALL STONE 120/60 (2éme)","3110","CASTEL BEIGE 3D WALL STONE 120/60 (2me)","2178","0","0","0","0"
"162","ELVA CERAM","MARCHE GRANIT CREMA 120/60 (2éme)","3272","MARCHE GRANIT CREMA 120/60 (2me)","2189","0","0","0","0"
"163","ELVA CERAM","MARCHE PREMIUM GRIS 120/60 (2éme)","3270","MARCHE PREMIUM GRIS 120/60 (2me)","2195","0","0","0","0"
"164","ELVA CERAM","MARBLE WHITE REC 60/60 (2éme)","3210","MARBLE WHITE REC 60/60 (2me)","2198","0","0","0","0"
"165","ELVA CERAM","CESAR BLACK POLI REC 120/60 (2éme)","3211","CESAR BLACK POLI REC 120/60 (2me)","2202","0","0","0","0"
"166","ELVA CERAM","VENTO GRIS POLI REC 120/60 (2éme)","3305","VENTO GRIS POLI REC 120/60 (2me)","2203","0","0","0","0"
"167","ELVA CERAM","ELEMENT POLI REC 120/60 (2éme)","3106","ELEMENT POLI REC 120/60 (2me)","2208","0","0","0","0"
"168","ELVA CERAM","ONYX BLUE POLI REC 120/60 (2éme)","3171","ONYX BLUE POLI REC 120/60 (2me)","2216","0","0","0","0"
"169","ELVA CERAM","MARCHE PREMIRA BLACK 120/60 (2éme)","3281","MARCHE PREMIRA BLACK 120/60 (2me)","2219","0","0","0","0"
"170","ELVA CERAM","ROCK GRIS REC 60/60 (2éme)","3138","ROCK GRIS REC 60/60 (2me)","2221","0","0","0","0"
"171","ELVA CERAM","ONYX LIGHT POLI REC 120/60 (2éme)","3174","ONYX LIGHT POLI REC 120/60 (2me)","2222","0","0","0","0"
"172","ELVA CERAM","MARCHE GRANIT ROSE 120/60 (2éme)","3279","MARCHE GRANIT ROSE 120/60 (2me)","2223","0","0","0","0"
"173","ELVA CERAM","MAGNUM BLACK POLI REC 120/60 (2éme)","3308","MAGNUM BLACK POLI REC 120/60 (2me)","2225","0","0","0","0"
"174","ELVA CERAM","TORONTO SILVER REC 60/60 (2éme)","3229","TORONTO SILVER REC 60/60 (2me)","2226","0","0","0","0"
"175","ELVA CERAM","SUPER BEIGE REC 60/60 (2éme)","3167","SUPER BEIGE REC 60/60 (2me)","2230","0","0","0","0"
"176","ELVA CERAM","MARCHE PERLATO BEIGE 120/60 (2éme)","3274","MARCHE PERLATO BEIGE 120/60 (2me)","2231","0","0","0","0"
"177","ELVA CERAM","GLASS BLACK POLI REC 120/60 (2éme)","3133","GLASS BLACK POLI REC 120/60 (2me)","2233","0","0","0","0"
"178","ELVA CERAM","MARCHE TAN BROWN 120/60 (2éme)","3275","MARCHE TAN BROWN 120/60 (2me)","2234","0","0","0","0"
"179","ELVA CERAM","LIVERPOL GRIS REC 60/60 (2éme)","3169","LIVERPOL GRIS REC 60/60 (2me)","2237","0","0","0","0"
"180","ELVA CERAM","GRANIT GRIS POLI REC 120/60 (2éme)","3209","GRANIT GRIS POLI REC 120/60 (2me)","2240","0","0","0","0"
"181","ELVA CERAM","VENICIA GOLD POLI REC 120/60 (2éme)","3201","VENICIA GOLD POLI REC 120/60 (2me)","2246","0","0","0","0"
"182","ELVA CERAM","CITY BEIGE REC 60/60 (2éme)","3202","CITY BEIGE REC 60/60 (2me)","2252","0","0","0","0"
"183","ELVA CERAM","LIMIT GRIS REC (2éme) 60/60","3160","LIMIT GRIS REC (2me) 60/60","2254","0","0","0","0"
"184","ELVA CERAM","JACOB BLACK POLI REC 120/60 (2éme)","3257","JACOB BLACK POLI REC 120/60 (2me)","2264","0","0","0","0"
"185","ELVA CERAM","MAGMA BLACK POLI REC 120/60 (2éme)","3295","MAGMA BLACK POLI REC 120/60 (2me)","2275","0","0","0","0"
"186","ELVA CERAM","GRANIT GRIS REC 120/60 (2éme)","3294","GRANIT GRIS REC 120/60 (2me)","2276","0","0","0","0"
"187","ELVA CERAM","FUNNY GOLD REC 60/60 (2éme)","3199","FUNNY GOLD REC 60/60 (2me)","2277","0","0","0","0"
"188","ELVA CERAM","MICRA BROWN POLI REC 120/60 (2éme)","3265","MICRA BROWN POLI REC 120/60 (2me)","2287","0","0","0","0"
"189","ELVA CERAM","MACAU BLACK POLI REC 120/60 (2éme)","3107","MACAU BLACK POLI REC 120/60 (2me)","2296","0","0","0","0"
"190","ELVA CERAM","ELEGANO BLACK REC 120/60 (2éme)","3205","ELEGANO BLACK REC 120/60 (2me)","2299","0","0","0","0"
"191","ELVA CERAM","ARCO BEIGE POLI REC 120/60 (2éme)","3175","ARCO BEIGE POLI REC 120/60 (2me)","2306","0","0","0","0"
"192","ELVA CERAM","MAGIC SILVER REC 60/60 (2éme)","3176","MAGIC SILVER REC 60/60 (2me)","2307","0","0","0","0"
"193","ELVA CERAM","EXTEND GRIS POLI REC 70/70 (2éme)","3156","EXTEND GRIS POLI REC 70/70 (2me)","2418","0","0","0","0"
"194","ELVA CERAM","EXOTIC GOLD POLI REC 70/70 (2éme)","3157","EXOTIC GOLD POLI REC 70/70 (2me)","2419","0","0","0","0"
"195","TECHNO CERAM","OXFORD BLANC REC 60/60 (2éme)","3154","OXFORD BLANC REC 60/60 (2me)","2455","0","0","0","0"
"196","TECHNO CERAM","RITAL MARFIL RELIEFE 30/90 (M²)","3063","RITAL MARFIL RELIEFE 30/90 (Mý)","2461","0","0","0","0"
"197","TECHNO CERAM","MARA MARFIL SATINE RELIEFE 30/90 (M²)","3192","MARA MARFIL SATINE RELIEFE 30/90 (Mý)","2467","77.76","0","0","0"
"198","TECHNO CERAM","ROMA BLANC REC 60/60 (2éme)","3158","ROMA BLANC REC 60/60 (2me)","2470","0","0","0","0"
"199","TECHNO CERAM","VIVA MARFIL REC 60/60 (2éme)","3159","VIVA MARFIL REC 60/60 (2me)","2474","0","0","0","0"
"200","TECHNO CERAM","VERONA WOOD RELIEFE 45/90 (M²)","3065","VERONA WOOD RELIEFE 45/90 (Mý)","2492","0","0","0","0"
"201","CERAM DECOR","NORDO GRIS 45/45 (2éme)","3276","NORDO GRIS 45/45 (2me)","2530","0","0","0","0"
"202","CERAM DECOR","VAMOS GRIS REC 60/60 (2éme)","3230","VAMOS GRIS REC 60/60 (2me)","2531","0","0","0","0"
"203","TECHNO CERAM","OSCAR CREMA RELIEFE 30/90 (2éme)","3189","OSCAR CREMA RELIEFE 30/90 (2me)","2541","0","0","0","0"
"204","TECHNO CERAM","MARABELLA 30/90 (2éme)","3194","MARABELLA 30/90 (2me)","2560","0","0","0","0"
"205","TECHNO CERAM","FLORA MARBRE GOLD REC 60/60 (2éme)","3293","FLORA MARBRE GOLD REC 60/60 (2me)","2566","0","0","1","0"
"206","TECHNO CERAM","EXTRA PERLA RELIEFE 30/90 (M²)","3102","EXTRA PERLA RELIEFE 30/90 (Mý)","2568","0","0","0","0"
"207","TECHNO CERAM","MARA MARFIL 30/90 (2éme)","3196","MARA MARFIL 30/90 (2me)","2640","0","0","0","0"
"208","TECHNO CERAM","RITAL EXTRA RELIEFE 30/90 (M²)","3066","RITAL EXTRA RELIEFE 30/90 (Mý)","2646","0","0","0","0"
"209","TECHNO CERAM","VERONA TOFFEE 45/90 (2éme)","3068","VERONA TOFFEE 45/90 (2me)","2660","0","0","0","0"
"210","CERAM DECOR","NORDO BEIGE 45/45 (2éme)","3273","NORDO BEIGE 45/45 (2me)","2669","0","0","0","0"
"211","TECHNO CERAM","ROCKWELL PERLA RELIEFE 30/90 (M²)","3104","ROCKWELL PERLA RELIEFE 30/90 (Mý)","2683","0","0","0","0"
"212","CERAM DECOR","VAMOS GRIS 25/70 (2éme)","3233","VAMOS GRIS 25/70 (2me)","2686","0","0","0","0"
"213","SANI DECOR","CHAISE D´EAU (SD-00026-S)","3109","CHAISE DïEAU (SD-00026-S)","2699","0","0","0","0"
"214","SANI DECOR","SIEGE SEPARE NICE VERTICAL (2éme) (620-VERT)","3309","SIEGE SEPARE NICE VERTICAL (2me) (620-VERT)","2702","0","0","0","0"
"215","SANI DECOR","AVABO SUSPENDUE DIAMOND (2éme) (SD2-1060-SC)","3224","AVABO SUSPENDUE DIAMOND (2me) (SD2-1060-SC)","2703","0","0","0","0"
"216","SANI DECOR","AVABO SUSPENDUE TWIN ROND (2éme) (SD2-TWIRD-SC)","3225","AVABO SUSPENDUE TWIN ROND (2me) (SD2-TWIRD-SC)","2704","0","0","0","0"
"217","CERAM DECOR","VAMOS BEIGE REC 60/60 (2éme)","3232","VAMOS BEIGE REC 60/60 (2me)","2720","0","0","0","0"
"218","TECHNO CERAM","MIRNA EXTRA REC 60/60 (2éme)","3283","MIRNA EXTRA REC 60/60 (2me)","2729","0","0","0","0"
"219","CERAM DECOR","LEGANCY GOLD 45/45 (2éme)","3282","LEGANCY GOLD 45/45 (2me)","2750","0","0","0","0"
"220","ROYAL CERAM","ARCILLA GRIS 33/33 (2éme)","3134","ARCILLA GRIS 33/33 (2me)","2754","0","0","0","0"
"221","ROYAL CERAM","ARCILLA LIGHT GRIS 33/33 (2éme)","3135","ARCILLA LIGHT GRIS 33/33 (2me)","2755","0","0","0","0"
"222","ROYAL CERAM","VENOM BLUE POLI REC 120/60 (2éme)","3227","VENOM BLUE POLI REC 120/60 (2me)","2759","0","0","0","0"
"223","ROYAL CERAM","ARCILLA MARENGO 33/33 (2éme)","3139","ARCILLA MARENGO 33/33 (2me)","2776","0","0","0","0"
"224","SANI DECOR","AVABO DIAMOND (2éme) (SD-1060)","3149","AVABO DIAMOND (2me) (SD-1060)","2779","0","0","0","0"
"225","SANI DECOR","SIEGE SEPARE NICE PLUS (2éme) (SD2-620-ECOP)","3206","SIEGE SEPARE NICE PLUS (2me) (SD2-620-ECOP)","2786","9","0","0","0"
"226","SANI DECOR","SIEGE SEPARE AQUA LUX (2éme) (SD2-650-PK)","3208","SIEGE SEPARE AQUA LUX (2me) (SD2-650-PK)","2787","0","0","0","0"
"227","SANI DECOR","SIEGE SEPARE OCEAN (2éme) (SD-6005-MB)","3147","SIEGE SEPARE OCEAN (2me) (SD-6005-MB)","2792","0","0","0","0"
"228","ROYAL CERAM","PORTO BEIGE REC 60/60 (2éme)","3140","PORTO BEIGE REC 60/60 (2me)","2794","0","0","0","0"
"229","ROYAL CERAM","PORTO GRIS REC 60/60 (2éme)","3141","PORTO GRIS REC 60/60 (2me)","2798","0","0","0","0"
"230","ROYAL CERAM","PRADA MARBRE REC 60/60 (2éme)","3142","PRADA MARBRE REC 60/60 (2me)","2799","0","0","0","0"
"231","SANI DECOR","SIEGE SEPARE OMEGA (2éme) (SD-750-EC)","3115","SIEGE SEPARE OMEGA (2me) (SD-750-EC)","2804","0","0","0","0"
"232","SANI DECOR","SIEGE MONO-BLOCK STYLE (2éme) (SD2-6006-MB)","3116","SIEGE MONO-BLOCK STYLE (2me) (SD2-6006-MB)","2805","0","0","0","0"
"233","TECHNO CERAM","VENICIA BLANC POLI REC 45/90 (2éme)","3242","VENICIA BLANC POLI REC 45/90 (2me)","2810","0","0","0","0"
"234","CERAM DECOR","PACIFICA BEIGE REC 60/60 (2éme)","3278","PACIFICA BEIGE REC 60/60 (2me)","2815","1.4211","0","0","0"
"235","TECHNO CERAM","OSCAR CREMA RELIEFE 30/90 (M²)","3051","OSCAR CREMA RELIEFE 30/90 (Mý)","2828","712.8","0","0","0"
"236","TECHNO CERAM","PALACE NOIR POLI REC 45/90 (2éme)","3241","PALACE NOIR POLI REC 45/90 (2me)","2834","0","0","0","0"
"237","TECHNO CERAM","MONIKA MARBRE POLI REC 45/90 (2éme)","3240","MONIKA MARBRE POLI REC 45/90 (2me)","2838","0","0","0","0"
"238","TECHNO CERAM","LUNA TOFFEE REC 60/60 (2éme)","3182","LUNA TOFFEE REC 60/60 (2me)","2840","0","0","0","0"
"239","TECHNO CERAM","MELINA MARFIL REC 60/60 (2éme)","3181","MELINA MARFIL REC 60/60 (2me)","2843","0","0","0","0"
"240","TECHNO CERAM","MARABELLA SATINE RELIEFE 30/90 (M²)","3184","MARABELLA SATINE RELIEFE 30/90 (Mý)","2846","0","0","0","0"
"241","TECHNO CERAM","GAZELLE PERLA REC 60/60 (2éme)","3187","GAZELLE PERLA REC 60/60 (2me)","2851","0","0","0","0"
"242","TECHNO CERAM","KINGDOM NATUREL POLI REC 90/90 (2éme)","3216","KINGDOM NATUREL POLI REC 90/90 (2me)","2872","0","0","0","0"
"243","NAF CERAM","DIANA GRIS RELIEFE 25/60 (M²)","3126","DIANA GRIS RELIEFE 25/60 (Mý)","2878","0","0","0","0"
"244","ELVA CERAM","ITALIA BLACK POLI REC 120/60 (2éme)","3251","ITALIA BLACK POLI REC 120/60 (2me)","2889","0","0","0","0"
"245","TECHNO CERAM","MARA MARFIL RELIEFE 30/90 (M²)","3164","MARA MARFIL RELIEFE 30/90 (Mý)","2892","77.76","0","0","0"
"246","TECHNO CERAM","SPIDER NOIR POLI REC 90/90 (2éme)","3238","SPIDER NOIR POLI REC 90/90 (2me)","2894","0","0","0","0"
"247","SANI DECOR","AVABO WASH (SD-1055) (2éme)","3307","AVABO WASH (SD-1055) (2me)","2898","10","0","0","0"
"248","NAF CERAM","PIXEL BEIGE RELIEFE 25/75 (M²)","3266","PIXEL BEIGE RELIEFE 25/75 (Mý)","2905","0.75","0","0","0"
"249","TECHNO CERAM","KINGSTONE REC 60/60 (2éme)","3277","KINGSTONE REC 60/60 (2me)","2920","0","0","0","0"
"250","TECHNO CERAM","MARA MARFIL SATINE RELIEFE 30/90 (2éme)","3197","MARA MARFIL SATINE RELIEFE 30/90 (2me)","2924","0","0","0","0"
"251","TECHNO CERAM","FORMULA GRIS RELIEFE 45/90 (M²)","3127","FORMULA GRIS RELIEFE 45/90 (Mý)","2928","0","0","0","0"
"252","NAF CERAM","GLORIA BEIGE RELIEFE 25/60 (M²)","3124","GLORIA BEIGE RELIEFE 25/60 (Mý)","2930","13.5","0","0","0"
"253","ELVA CERAM","UPTOWN GRIS REC 60/60 (2éme)","3228","UPTOWN GRIS REC 60/60 (2me)","2937","0","0","0","0"
"254","TECHNO CERAM","CALACATA RELIEFE 45/90 (56C) (M²)","3082","CALACATA RELIEFE 45/90 (56C) (Mý)","2938","0","0","0","0"
"255","ELVA CERAM","CORAL WHITE REC 60/60 (2éme)","3128","CORAL WHITE REC 60/60 (2me)","2939","0","0","0","0"
"256","NAF CERAM","ELEGANCE SILVER 25/60 (2éme)","3291","ELEGANCE SILVER 25/60 (2me)","2941","0","0","0","0"
"257","TECHNO CERAM","JOY PERLA POLI REC 60/60 (2éme)","3188","JOY PERLA POLI REC 60/60 (2me)","2954","0","0","0","0"
"258","TECHNO CERAM","PRESIDENT BEIGE RELIEFE 45/90 (M²)","3137","PRESIDENT BEIGE RELIEFE 45/90 (Mý)","2960","0","0","0","0"
"259","ELVA CERAM","HEXA CREMA REC 60/60 (2éme)","3179","HEXA CREMA REC 60/60 (2me)","2962","0","0","0","0"
"260","TECHNO CERAM","TESLA BEIGE 30/90 (2éme)","3195","TESLA BEIGE 30/90 (2me)","2982","0","0","0","0"
"261","TECHNO CERAM","OSCAR CREMA 30/90 (2éme)","3183","OSCAR CREMA 30/90 (2me)","2985","0","0","0","0"
"262","TECHNO CERAM","VIVA MARFIL SIMPLE 30/90 (2éme)","3077","VIVA MARFIL SIMPLE 30/90 (2me)","2986","0","0","0","0"
"263","TECHNO CERAM","VENICIA GOLD RELIEFE 30/90 (M²)","3062","VENICIA GOLD RELIEFE 30/90 (Mý)","2993","0","0","0","0"
"264","SANI DECOR","CHASSE D´EAU (SD-00026-S)","3289","CHASSE DïEAU (SD-00026-S)","2994","0","0","0","0"
"265","TECHNO CERAM","MOTIF ROCKWELL TOFFEE 30/90 (2éme)","3231","MOTIF ROCKWELL TOFFEE 30/90 (2me)","2996","132","0","0","0"
"266","ELVA CERAM","ATLANTA GREEN GOLD POLI REC 120/60 (2éme)","3306","ATLANTA GREEN GOLD POLI REC 120/60 (2me)","3000","0","0","0","0"
"267","NAF CERAM","MAJESTIC GOLD RELIEFE 25/75 (M²)","3203","MAJESTIC GOLD RELIEFE 25/75 (Mý)","3001","0","0","0","0"
"268","TECHNO CERAM","ATLAS CREMA REC 60/60 (2éme)","3269","ATLAS CREMA REC 60/60 (2me)","3007","40.32","0","1","0"
"269","TECHNO CERAM","MARABELLA RELIEFE 30/90 (M²)","3163","MARABELLA RELIEFE 30/90 (Mý)","3008","77.76","0","0","0"
"270","TECHNO CERAM","CALACATA 45/90 (2éme)","3259","CALACATA 45/90 (2me)","3012","0","0","0","0"
"271","TECHNO CERAM","ROCKWELL TOFFEE RELIEFE 30/90 (2éme)","3190","ROCKWELL TOFFEE RELIEFE 30/90 (2me)","3015","0","0","0","0"
"272","TECHNO CERAM","ROMA BLANC RELIEFE LINE (B) 45/90 (M²)","3079","ROMA BLANC RELIEFE LINE (B) 45/90 (Mý)","3032","0","0","0","0"
"273","CERAM DECOR","CHANEL BEIGE REC 60/60 (2éme)","3212","CHANEL BEIGE REC 60/60 (2me)","3037","51.84","0","0","0"
"274","TIMGAD CERAM","SWEET GRIS /NOBLE  45/90","3688","SWEET/NOBLE GRIS 45/90","3655","862.65","0","0","0"
