Group #,Category/Family,Product ID,Product Name,Current Qty,Sales Orders,Last Sale Date,Total Qty Sold,Order Types,Purchase Orders,Last PO Date,Total Qty Purchased,Has Activity
"1","TIMGAD CERAM","20","JULIA CREMA RELIEFE 30/90 (Mý)","0","0","","0","","0","","0","NO"
"1","TIMGAD CERAM","3057","JULIA CREMA RELIEFE 30/90 (M²)","3167.1","0","","0","","0","","0","YES"
"2","TECHNO CERAM","101","IDEAL NATUREL POLI REC 90/90 (2me)","0","0","","0","","0","","0","NO"
"2","TECHNO CERAM","3234","IDEAL NATUREL POLI REC 90/90 (2éme)","1749.6","0","","0","","0","","0","YES"
"3","TIMGAD CERAM","113","EVA DARK GRIS 25/75","864","2","Wed Feb 25 2026 00:00:00 GMT+0100 (Central European Standard Time)","192","WHOLESALE","0","","0","YES"
"3","TIMGAD CERAM","3571","EVA GRIS DARK 25/75","1056","0","","0","","0","","0","YES"
"4","TIMGAD CERAM","117","EVA LIGHT GRIS 25/75","672","3","Sun Mar 01 2026 00:00:00 GMT+0100 (Central European Standard Time)","288","WHOLESALE","0","","0","YES"
"4","TIMGAD CERAM","3573","EVA GRIS LIGHT 25/75","1056","0","","0","","0","","0","YES"
"5","TECHNO CERAM","124","CANADA MARBRE POLI REC 150/75 (2me)","0","0","","0","","0","","0","NO"
"5","TECHNO CERAM","3258","CANADA MARBRE POLI REC 150/75 (2éme)","675","0","","0","","0","","0","YES"
"6","SANI DECOR","136","SIEGE SEPARE SMILE (2me) (SD2-621-ECO)","0","0","","0","","0","","0","NO"
"6","SANI DECOR","3059","SIEGE SEPARE SMILE (2éme) (SD2-621-ECO)","21","0","","0","","0","","0","YES"
"7","TECHNO CERAM","142","DENVER BLANC RELIEFE 30/90 (Mý)","0","0","","0","","0","","0","NO"
"7","TECHNO CERAM","3080","DENVER BLANC RELIEFE 30/90 (M²)","1477.44","0","","0","","0","","0","YES"
"8","TIMGAD CERAM","152","MARBELLA RELIEFE 30/90 (36C) (Mý)","0","0","","0","","0","","0","NO"
"8","TIMGAD CERAM","3096","MARBELLA RELIEFE 30/90 (36C) (M²)","1150.2","0","","0","","0","","0","YES"
"9","TIMGAD CERAM","187","SYDNEY GRIS 45/90 LV","8064","1","Sat Dec 27 2025 00:00:00 GMT+0100 (Central European Standard Time)","336","WHOLESALE","3","Sun Mar 01 2026 00:00:00 GMT+0100 (Central European Standard Time)","3265.92","YES"
"9","TIMGAD CERAM","3659","SYDNEY GRIS/LV 45/90","0","0","","0","","0","","0","NO"
"10","TIMGAD CERAM","200","MOTIF MONZA 45/90 (Mý)","0","0","","0","","0","","0","NO"
"10","TIMGAD CERAM","3311","MOTIF MONZA 45/90 (M²)","1292.76","1","Wed Feb 25 2026 00:00:00 GMT+0100 (Central European Standard Time)","6.075","RETAIL","0","","0","YES"
"11","TIMGAD CERAM","248","SYDNEY GRIS RELIEFE 45/90 (Mý)","0","0","","0","","0","","0","NO"
"11","TIMGAD CERAM","3136","SYDNEY GRIS RELIEFE 45/90 (M²)","773.955","0","","0","","0","","0","YES"
"12","TIMGAD CERAM","285","MADRID RELIEFE 45/90 (Mý)","0","0","","0","","0","","0","NO"
"12","TIMGAD CERAM","3129","MADRID RELIEFE 45/90 (M²)","767.88","0","","0","","0","","0","YES"
"13","TIMGAD CERAM","287","SAMARA RELIEFE 45/90 (Mý)","0","0","","0","","0","","0","NO"
"13","TIMGAD CERAM","3054","SAMARA RELIEFE 45/90 (M²)","798.255","0","","0","","0","","0","YES"
"14","TECHNO CERAM","291","ENERGIE REC 120/60 (2me)","0","0","","0","","0","","0","NO"
"14","TECHNO CERAM","3292","ENERGIE REC 120/60 (2éme)","128.48","6","Sun Mar 01 2026 00:00:00 GMT+0100 (Central European Standard Time)","163","RETAIL, WHOLESALE","0","","0","YES"
"15","TECHNO CERAM","301","AVION CREMA RELIEFE 30/90 (Mý)","0","0","","0","","0","","0","NO"
"15","TECHNO CERAM","3071","AVION CREMA RELIEFE 30/90 (M²)","855.36","1","Sun Feb 22 2026 00:00:00 GMT+0100 (Central European Standard Time)","17.82","RETAIL","0","","0","YES"
"16","TIMGAD CERAM","303","EVA DARK GRIS 45/45","712.84","0","","0","","0","","0","YES"
"16","TIMGAD CERAM","3572","EVA GRIS DARK 45/45","681.6","0","","0","","0","","0","YES"
"17","TIMGAD CERAM","314","STYLE RELIEFE 25/75 (Mý)","0","0","","0","","0","","0","NO"
"17","TIMGAD CERAM","3083","STYLE RELIEFE 25/75 (M²)","904.5","0","","0","","0","","0","YES"
"18","NAF CERAM","316","MALAGA GOLD RELIEFE 25/75 (Mý)","0","0","","0","","0","","0","NO"
"18","NAF CERAM","3263","MALAGA GOLD RELIEFE 25/75 (M²)","0","0","","0","","0","","0","NO"
"19","TECHNO CERAM","333","FIRST PERLA RELIEFE 30/90 (Mý)","0","0","","0","","0","","0","NO"
"19","TECHNO CERAM","3074","FIRST PERLA RELIEFE 30/90 (M²)","388.8","0","","0","","0","","0","YES"
"20","TECHNO CERAM","360","DENVER GRAFITO RELIEFE 25/75 (Mý)","0","0","","0","","0","","0","NO"
"20","TECHNO CERAM","3050","DENVER GRAFITO RELIEFE 25/75 (M²)","754.56","0","","0","","0","","0","YES"
"21","TECHNO CERAM","375","ROCKWELL TOFFEE RELIEFE 30/90 (Mý)","0","0","","0","","0","","0","NO"
"21","TECHNO CERAM","3105","ROCKWELL TOFFEE RELIEFE 30/90 (M²)","466.56","0","","0","","0","","0","YES"
"22","SAM CERAM","376","PALMYRE NOIR 45/45 (2me)","0","0","","0","","0","","0","NO"
"22","SAM CERAM","3069","PALMYRE NOIR 45/45 (2éme)","460.08","1","Tue Feb 24 2026 00:00:00 GMT+0100 (Central European Standard Time)","17.04","RETAIL","0","","0","YES"
"23","TECHNO CERAM","403","TERRE PERLA POLI REC 150/75 (2me)","0","0","","0","","0","","0","NO"
"23","TECHNO CERAM","3302","TERRE PERLA POLI REC 150/75 (2éme)","472.5","0","","0","","0","","0","YES"
"24","TIMGAD CERAM","411","ALPE RELIEFE 45/90 (Mý)","0","0","","0","","0","","0","NO"
"24","TIMGAD CERAM","3143","ALPE RELIEFE 45/90 (M²)","468.99","0","","0","","0","","0","YES"
"25","TECHNO CERAM","422","FORMULA MARFIL RELIEFE 45/90 (Mý)","0","0","","0","","0","","0","NO"
"25","TECHNO CERAM","3130","FORMULA MARFIL RELIEFE 45/90 (M²)","232.32","0","","0","","0","","0","YES"
"26","TECHNO CERAM","424","CALACATA RELIEFE 45/90 (48C) (Mý)","0","0","","0","","0","","0","NO"
"26","TECHNO CERAM","3260","CALACATA RELIEFE 45/90 (48C) (M²)","233.28","1","Sun Mar 01 2026 00:00:00 GMT+0100 (Central European Standard Time)","13.5","RETAIL","0","","0","YES"
"27","TECHNO CERAM","437","VENICIA GOLD RELIEFE 45/90 (Mý)","0","0","","0","","0","","0","NO"
"27","TECHNO CERAM","3304","VENICIA GOLD RELIEFE 45/90 (M²)","58.32","0","","0","","0","","0","YES"
"28","TECHNO CERAM","439","VERONA MARFIL RELIEFE 45/90 (Mý)","0","0","","0","","0","","0","NO"
"28","TECHNO CERAM","3064","VERONA MARFIL RELIEFE 45/90 (M²)","392.04","0","","0","","0","","0","YES"
"29","TIMGAD CERAM","456","HAWAI PERLA RELIEFE 30/90 (Mý)","0","0","","0","","0","","0","NO"
"29","TIMGAD CERAM","3097","HAWAI PERLA RELIEFE 30/90 (M²)","392.04","0","","0","","0","","0","YES"
"30","TIMGAD CERAM","459","SYDNEY BEIGE RELIEFE 45/90 (Mý)","0","0","","0","","0","","0","NO"
"30","TIMGAD CERAM","3131","SYDNEY BEIGE RELIEFE 45/90 (M²)","250.29","0","","0","","0","","0","YES"
"31","TECHNO CERAM","466","CELINE MARFIL RELIEFE 30/90 (Mý)","0","0","","0","","0","","0","NO"
"31","TECHNO CERAM","3075","CELINE MARFIL RELIEFE 30/90 (M²)","383.94","1","Tue Feb 24 2026 00:00:00 GMT+0100 (Central European Standard Time)","4.86","RETAIL","0","","0","YES"
"32","TECHNO CERAM","467","ROCKWELL TOFFEE 30/90 (2me)","0","0","","0","","0","","0","NO"
"32","TECHNO CERAM","3173","ROCKWELL TOFFEE 30/90 (2éme)","0","0","","0","","0","","0","NO"
"33","TECHNO CERAM","475","CHICAGO MARFIL RELIEFE 25/75 (Mý)","0","0","","0","","0","","0","NO"
"33","TECHNO CERAM","3061","CHICAGO MARFIL RELIEFE 25/75 (M²)","419.2","0","","0","","0","","0","YES"
"34","TIMGAD CERAM","478","PLAZA GREEN POLI/REC 120/60","244","0","","0","","0","","0","YES"
"34","TIMGAD CERAM","3629","PLAZA GREEN POLI REC 120/60","210","1","Sun Mar 01 2026 00:00:00 GMT+0100 (Central European Standard Time)","92","RETAIL","0","","0","YES"
"34","TIMGAD CERAM","3798","FICHE:PLAZA GREEN POLI REC 120/60","6","0","","0","","0","","0","YES"
"35","TECHNO CERAM","482","ROMA BLANC RELIEFE 120/60 (2me)","0","0","","0","","0","","0","NO"
"35","TECHNO CERAM","3217","ROMA BLANC RELIEFE 120/60 (2éme)","350","0","","0","","0","","0","YES"
"36","TIMGAD CERAM","495","LEO MARFIL RELIEFE 25/75 (Mý)","0","0","","0","","0","","0","NO"
"36","TIMGAD CERAM","3085","LEO MARFIL RELIEFE 25/75 (M²)","417","0","","0","","0","","0","YES"
"37","TIMGAD CERAM","500","GLASS BEIGE RELIEFE 25/75 (Mý)","0","0","","0","","0","","0","NO"
"37","TIMGAD CERAM","3088","GLASS BEIGE RELIEFE 25/75 (M²)","414","1","Sat Feb 28 2026 00:00:00 GMT+0100 (Central European Standard Time)","6","RETAIL","0","","0","YES"
"38","TECHNO CERAM","523","TESLA BEIGE RELIEFE 30/90 (Mý)","0","0","","0","","0","","0","NO"
"38","TECHNO CERAM","3072","TESLA BEIGE RELIEFE 30/90 (M²)","311.04","0","","0","","0","","0","YES"
"39","TECHNO CERAM","525","VERONA GRIS RELIEFE 45/90 (Mý)","0","0","","0","","0","","0","NO"
"39","TECHNO CERAM","3060","VERONA GRIS RELIEFE 45/90 (M²)","261.36","0","","0","","0","","0","YES"
"40","TECHNO CERAM","539","VIVA PERLA RELIEFE 30/90 (Mý)","0","0","","0","","0","","0","NO"
"40","TECHNO CERAM","3067","VIVA PERLA RELIEFE 30/90 (M²)","77.76","1","Thu Feb 19 2026 00:00:00 GMT+0100 (Central European Standard Time)","77.76","WHOLESALE","0","","0","YES"
"41","SANI DECOR","554","SIEGE MONO-BLOCK MATRIX (2me) (SP-618-PK)","0","0","","0","","0","","0","NO"
"41","SANI DECOR","3108","SIEGE MONO-BLOCK MATRIX (2éme) (SP-618-PK)","33","0","","0","","0","","0","YES"
"42","CERAM DECOR","555","OSLO BEIGE RELIEFE 25/80 (Mý)","0","0","","0","","0","","0","NO"
"42","CERAM DECOR","3098","OSLO BEIGE RELIEFE 25/80 (M²)","255.6","0","","0","","0","","0","YES"
"43","TIMGAD CERAM","563","MARBELLA RELIEFE 30/90 (42C) (Mý)","0","0","","0","","0","","0","NO"
"43","TIMGAD CERAM","3095","MARBELLA RELIEFE 30/90 (42C) (M²)","183.06","0","","0","","0","","0","YES"
"44","SANI DECOR","572","SIEGE SEPARE PRIMA (2me) (SD-751-ECO)","0","0","","0","","0","","0","NO"
"44","SANI DECOR","3145","SIEGE SEPARE PRIMA (2éme) (SD-751-ECO)","3","0","","0","","0","","0","YES"
"45","TECHNO CERAM","585","URBAIN PERLA SIMPLE RELIEFE 30/90 (Mý)","0","0","","0","","0","","0","NO"
"45","TECHNO CERAM","3053","URBAIN PERLA SIMPLE RELIEFE 30/90 (M²)","155.52","0","","0","","0","","0","YES"
"46","TECHNO CERAM","588","ITALY BLANC RELIEFE (B) 25/75 (Mý)","0","0","","0","","0","","0","NO"
"46","TECHNO CERAM","3056","ITALY BLANC RELIEFE (B) 25/75 (M²)","251.52","0","","0","","0","","0","YES"
"47","TECHNO CERAM","589","ITALY BLANC RELIEFE (A) 25/75 (Mý)","0","0","","0","","0","","0","NO"
"47","TECHNO CERAM","3055","ITALY BLANC RELIEFE (A) 25/75 (M²)","167.68","0","","0","","0","","0","YES"
"48","TIMGAD CERAM","594","VERONA BEIGE RELIEFE 25/75 (Mý)","0","0","","0","","0","","0","NO"
"48","TIMGAD CERAM","3091","VERONA BEIGE RELIEFE 25/75 (M²)","273","0","","0","","0","","0","YES"
"49","NAF CERAM","601","ELEGANCE GOLD 25/60 (2me)","0","0","","0","","0","","0","NO"
"49","NAF CERAM","3290","ELEGANCE GOLD 25/60 (2éme)","0","0","","0","","0","","0","NO"
"50","TIMGAD CERAM","604","DORIAN GRIS RELIEFE 25/75 (Mý)","0","0","","0","","0","","0","NO"
"50","TIMGAD CERAM","3089","DORIAN GRIS RELIEFE 25/75 (M²)","253.5","0","","0","","0","","0","YES"
"51","NAF CERAM","620","MOTIF ELEGANCE GOLD 25/60 (2me)","0","0","","0","","0","","0","NO"
"51","NAF CERAM","3296","MOTIF ELEGANCE GOLD 25/60 (2éme)","900","0","","0","","0","","0","YES"
"52","SANI DECOR","627","SIEGE SEPARE OMEGA VERTICAL (2me) (SD2-750-VER)","0","0","","0","","0","","0","NO"
"52","SANI DECOR","3226","SIEGE SEPARE OMEGA VERTICAL (2éme) (SD2-750-VER)","13","0","","0","","0","","0","YES"
"53","TECHNO CERAM","645","REMINI BLEU RELIEFE 30/90 (Mý)","0","0","","0","","0","","0","NO"
"53","TECHNO CERAM","3052","REMINI BLEU RELIEFE 30/90 (M²)","155.52","0","","0","","0","","0","YES"
"54","TECHNO CERAM","646","EXTRA MARFIL SIMPLE RELIEFE 30/90 (Mý)","0","0","","0","","0","","0","NO"
"54","TECHNO CERAM","3076","EXTRA MARFIL SIMPLE RELIEFE 30/90 (M²)","77.76","0","","0","","0","","0","YES"
"55","TECHNO CERAM","648","SAVANA MARFIL RELIEFE 25/75 (Mý)","0","0","","0","","0","","0","NO"
"55","TECHNO CERAM","3049","SAVANA MARFIL RELIEFE 25/75 (M²)","167.68","0","","0","","0","","0","YES"
"56","TECHNO CERAM","651","CLARA GOLD POLI REC 90/90 (2me)","0","0","","0","","0","","0","NO"
"56","TECHNO CERAM","3237","CLARA GOLD POLI REC 90/90 (2éme)","129.6","0","","0","","0","","0","YES"
"57","CERAM DECOR","652","CATANIA SILVER RELIEFE 45/90 (Mý)","0","0","","0","","0","","0","NO"
"57","CERAM DECOR","3252","CATANIA SILVER RELIEFE 45/90 (M²)","58.32","1","Sat Feb 28 2026 00:00:00 GMT+0100 (Central European Standard Time)","58.32","WHOLESALE","0","","0","YES"
"58","ELVA CERAM","675","CARLA GRIS REC 60/60 (2me)","0","1","Tue Feb 24 2026 00:00:00 GMT+0100 (Central European Standard Time)","0.36","RETAIL","0","","0","YES"
"58","ELVA CERAM","3070","CARLA GRIS REC 60/60 (2éme)","51.84","0","","0","","0","","0","YES"
"59","NAF CERAM","701","MALAGA SILVER RELIEFE 25/75 (Mý)","0","0","","0","","0","","0","NO"
"59","NAF CERAM","3271","MALAGA SILVER RELIEFE 25/75 (M²)","105","0","","0","","0","","0","YES"
"60","TIMGAD CERAM","703","DORIAN WHITE RELIEFE 25/75 (Mý)","0","0","","0","","0","","0","NO"
"60","TIMGAD CERAM","3094","DORIAN WHITE RELIEFE 25/75 (M²)","174","0","","0","","0","","0","YES"
"61","CERAM DECOR","707","GEANT BEIGE 45/45 (2me)","0","0","","0","","0","","0","NO"
"61","CERAM DECOR","3280","GEANT BEIGE 45/45 (2éme)","0","0","","0","","0","","0","NO"
"62","NAF CERAM","733","MOTIF ELEGANCE SILVER 25/60 (2me)","0","0","","0","","0","","0","NO"
"62","NAF CERAM","3297","MOTIF ELEGANCE SILVER 25/60 (2éme)","750","0","","0","","0","","0","YES"
"63","SANI DECOR","749","SIEGE SUSPENDUE DELTA (2me) (SD-522-PK)","0","0","","0","","0","","0","NO"
"63","SANI DECOR","3148","SIEGE SUSPENDUE DELTA (2éme) (SD-522-PK)","15","0","","0","","0","","0","YES"
"64","SANI DECOR","753","SIEGE TURQUE FLORA (SD2-355-ST) (2me)","1","0","","0","","0","","0","YES"
"64","SANI DECOR","3310","SIEGE TURQUE FLORA (SD2-355-ST) (2éme)","8","0","","0","","0","","0","YES"
"65","TECHNO CERAM","778","MARABELLA RELIEFE 30/90 (2me)","0","0","","0","","0","","0","NO"
"65","TECHNO CERAM","3268","MARABELLA RELIEFE 30/90 (2éme)","77.76","0","","0","","0","","0","YES"
"66","NAF CERAM","779","TEMACINE GRIS RELIEFE 25/60 (Mý)","0","0","","0","","0","","0","NO"
"66","NAF CERAM","3121","TEMACINE GRIS RELIEFE 25/60 (M²)","72","0","","0","","0","","0","YES"
"67","CERAM DECOR","787","BRITISH LIGHT REC 20/90 (2me)","0","0","","0","","0","","0","NO"
"67","CERAM DECOR","3132","BRITISH LIGHT REC 20/90 (2éme)","0","0","","0","","0","","0","NO"
"68","TECHNO CERAM","794","SIFAR MARFIL POLI REC 90/90 (2me)","0","0","","0","","0","","0","NO"
"68","TECHNO CERAM","3235","SIFAR MARFIL POLI REC 90/90 (2éme)","0","0","","0","","0","","0","NO"
"69","SANI DECOR","806","AVABO VENUS (2me) (SD-1065)","0","0","","0","","0","","0","NO"
"69","SANI DECOR","3162","AVABO VENUS (2éme) (SD-1065)","6","0","","0","","0","","0","YES"
"70","CERAM DECOR","808","CHANEL GRIS REC 60/60 (2me)","0","0","","0","","0","","0","NO"
"70","CERAM DECOR","3264","CHANEL GRIS REC 60/60 (2éme)","483.84","0","","0","","1","Sat Feb 28 2026 00:00:00 GMT+0100 (Central European Standard Time)","155.52","YES"
"71","SAM CERAM","812","CLEAN DECOR 25/75 (2me)","0","0","","0","","0","","0","NO"
"71","SAM CERAM","3113","CLEAN DECOR 25/75 (2éme)","72","0","","0","","0","","0","YES"
"72","ROYAL CERAM","814","NOOR CREMA 45/45 (2me)","0","0","","0","","0","","0","NO"
"72","ROYAL CERAM","3298","NOOR CREMA 45/45 (2éme)","68.16","0","","0","","0","","0","YES"
"73","TECHNO CERAM","826","ROMA BLANC RELIEFE WAVE (A) 45/90 (Mý)","0","0","","0","","0","","0","NO"
"73","TECHNO CERAM","3078","ROMA BLANC RELIEFE WAVE (A) 45/90 (M²)","0","0","","0","","0","","0","NO"
"74","ELVA CERAM","834","JAPAN GRIS DECOR REC 120/60 (2me)","0","0","","0","","0","","0","NO"
"74","ELVA CERAM","3119","JAPAN GRIS DECOR REC 120/60 (2éme)","68","0","","0","","0","","0","YES"
"75","TIMGAD CERAM","835","TOKYO BEIGE RELIEFE 25/75 (Mý)","0","0","","0","","0","","0","NO"
"75","TIMGAD CERAM","3090","TOKYO BEIGE RELIEFE 25/75 (M²)","93","0","","0","","0","","0","YES"
"76","NAF CERAM","848","PIXEL GRIS RELIEFE 25/75 (Mý)","0","0","","0","","0","","0","NO"
"76","NAF CERAM","3267","PIXEL GRIS RELIEFE 25/75 (M²)","45","0","","0","","0","","0","YES"
"77","NAF CERAM","858","TEMACINE BEIGE RELIEFE 25/60 (Mý)","0","0","","0","","0","","0","NO"
"77","NAF CERAM","3120","TEMACINE BEIGE RELIEFE 25/60 (M²)","84","0","","0","","0","","0","YES"
"78","NAF CERAM","859","DIANA BEIGE RELIEFE 25/60 (Mý)","0","0","","0","","0","","0","NO"
"78","NAF CERAM","3125","DIANA BEIGE RELIEFE 25/60 (M²)","42","0","","0","","0","","0","YES"
"79","TIMGAD CERAM","901","SWEET GRIS RELIEFE 25/75 (Mý)","0","0","","0","","0","","0","NO"
"79","TIMGAD CERAM","3086","SWEET GRIS RELIEFE 25/75 (M²)","1638","0","","0","","0","","0","YES"
"80","NAF CERAM","904","ALASKA SILVER RELIEFE 25/75 (Mý)","0","0","","0","","0","","0","NO"
"80","NAF CERAM","3221","ALASKA SILVER RELIEFE 25/75 (M²)","42","0","","0","","0","","0","YES"
"81","SEK CERAM","906","MOTIF AXEL Mý 25/60","0","0","","0","","0","","0","NO"
"81","SEK CERAM","3099","MOTIF AXEL M² 25/60","273","0","","0","","0","","0","YES"
"82","SANI DECOR","911","SIEGE SEPARE NICE PLUS VERTICAL (2me) (SD2-620-ECOV)","0","0","","0","","0","","0","NO"
"82","SANI DECOR","3207","SIEGE SEPARE NICE PLUS VERTICAL (2éme) (SD2-620-ECOV)","5","0","","0","","0","","0","YES"
"83","NAF CERAM","912","MOTIF MALAGA GOLD 25/75 (2me)","0","0","","0","","0","","0","NO"
"83","NAF CERAM","3287","MOTIF MALAGA GOLD 25/75 (2éme)","192","0","","0","","0","","0","YES"
"84","NAF CERAM","913","DIAMOND SILVER RELIEFE 25/60 (Mý)","0","0","","0","","0","","0","NO"
"84","NAF CERAM","3112","DIAMOND SILVER RELIEFE 25/60 (M²)","106.5","0","","0","","0","","0","YES"
"85","TECHNO CERAM","915","ALEXA RELIEFE 30/90 (Mý)","0","0","","0","","0","","0","NO"
"85","TECHNO CERAM","3073","ALEXA RELIEFE 30/90 (M²)","64.8","0","","0","","0","","0","YES"
"86","ELVA CERAM","916","OSCAR MATT REC 60/60 (2me)","0","2","Mon Feb 23 2026 00:00:00 GMT+0100 (Central European Standard Time)","12.96","RETAIL","0","","0","YES"
"86","ELVA CERAM","3103","OSCAR MATT REC 60/60 (2éme)","0","0","","0","","0","","0","NO"
"87","CERAM DECOR","919","SNOW WHITE RELIEFE 30/90 (Mý)","0","0","","0","","0","","0","NO"
"87","CERAM DECOR","3101","SNOW WHITE RELIEFE 30/90 (M²)","46.2","0","","0","","0","","0","YES"
"88","SANI DECOR","923","AVABO SUSPENDUE WASH (2me) (SD2-1055-SC)","0","0","","0","","0","","0","NO"
"88","SANI DECOR","3222","AVABO SUSPENDUE WASH (2éme) (SD2-1055-SC)","0","0","","0","","0","","0","NO"
"89","SANI DECOR","942","SIEGE SUSPENDUE ELITE (2me) (SD2-523-SS)","0","0","","0","","0","","0","NO"
"89","SANI DECOR","3146","SIEGE SUSPENDUE ELITE (2éme) (SD2-523-SS)","4","0","","0","","0","","0","YES"
"90","NAF CERAM","957","DIAMOND GOLD RELIEFE 25/60 (Mý)","0","0","","0","","0","","0","NO"
"90","NAF CERAM","3114","DIAMOND GOLD RELIEFE 25/60 (M²)","0","0","","0","","0","","0","NO"
"91","TIMGAD CERAM","967","ACRA GRIS RELIEFE 25/75 (Mý)","0","0","","0","","0","","0","NO"
"91","TIMGAD CERAM","3093","ACRA GRIS RELIEFE 25/75 (M²)","384","3","Sun Mar 01 2026 00:00:00 GMT+0100 (Central European Standard Time)","240","WHOLESALE","1","Thu Feb 26 2026 00:00:00 GMT+0100 (Central European Standard Time)","576","YES"
"92","CERAM DECOR","990","CHANEL GRIS RELIEFE 30/90 (Mý)","0","0","","0","","0","","0","NO"
"92","CERAM DECOR","3165","CHANEL GRIS RELIEFE 30/90 (M²)","5.28","0","","0","","0","","0","YES"
"93","SANI DECOR","993","AVABO SUSPENDUE TWIN S-COL (2me)","0","0","","0","","0","","0","NO"
"93","SANI DECOR","3223","AVABO SUSPENDUE TWIN S-COL (2éme)","0","0","","0","","0","","0","NO"
"94","ELVA CERAM","999","CARLA BEIGE REC 60/60 (2me)","0","0","","0","","0","","0","NO"
"94","ELVA CERAM","3100","CARLA BEIGE REC 60/60 (2éme)","51.84","0","","0","","0","","0","YES"
"95","NAF CERAM","1007","MAJESTIC SILVER RELIEFE 25/75 (Mý)","0","0","","0","","0","","0","NO"
"95","NAF CERAM","3168","MAJESTIC SILVER RELIEFE 25/75 (M²)","0","0","","0","","0","","0","NO"
"96","TIMGAD CERAM","1013","FICHE: DRAGON GREEN POLI/REC 120/60","2","0","","0","","0","","0","YES"
"96","TIMGAD CERAM","3565","DRAGON GREEN POLI REC 120/60","0","0","","0","","0","","0","NO"
"96","TIMGAD CERAM","3748","FICHE:DRAGON GREEN POLI REC 120/60","2","0","","0","","0","","0","YES"
"97","TECHNO CERAM","1102","ROMA BLANC BRILLANT REC 60/60 (2me)","0","1","Sun Mar 01 2026 00:00:00 GMT+0100 (Central European Standard Time)","79.2","RETAIL","0","","0","YES"
"97","TECHNO CERAM","3300","ROMA BLANC BRILLANT REC 60/60 (2éme)","0","1","Mon Feb 23 2026 00:00:00 GMT+0100 (Central European Standard Time)","25.92","RETAIL","0","","0","YES"
"98","CERAM DECOR","1112","LEGEND GRIS REC 60/60 (2me)","0","0","","0","","0","","0","NO"
"98","CERAM DECOR","3261","LEGEND GRIS REC 60/60 (2éme)","0","0","","0","","0","","0","NO"
"99","TIMGAD CERAM","1126","FICHE: COSMO GRIS POLI/REC 120/60","1","0","","0","","0","","0","YES"
"99","TIMGAD CERAM","3009","COSMO GRIS POLI REC 120/60","0","0","","0","","0","","0","NO"
"99","TIMGAD CERAM","3746","FICHE:COSMO GRIS POLI REC 120/60","1","0","","0","","0","","0","YES"
"100","CERAM DECOR","1205","LEGEND BEIGE REC 60/60 (2me)","0","0","","0","","0","","0","NO"
"100","CERAM DECOR","3262","LEGEND BEIGE REC 60/60 (2éme)","0","0","","0","","0","","0","NO"
"101","TECHNO CERAM","1233","MARINA BLANC REC 60/60 (2me)","0","0","","0","","0","","0","NO"
"101","TECHNO CERAM","3166","MARINA BLANC REC 60/60 (2éme)","0","0","","0","","0","","0","NO"
"102","CERAM DECOR","1270","SAVANA WHITE REC 60/60 (2me)","0","0","","0","","0","","0","NO"
"102","CERAM DECOR","3301","SAVANA WHITE REC 60/60 (2éme)","0","0","","0","","0","","0","NO"
"103","TECHNO CERAM","1278","ROMA BLANC POLI REC 90/90 (2me)","0","0","","0","","0","","0","NO"
"103","TECHNO CERAM","3214","ROMA BLANC POLI REC 90/90 (2éme)","0","0","","0","","0","","0","NO"
"104","TECHNO CERAM","1280","SIFAR GRIS POLI REC 90/90 (2me)","0","0","","0","","0","","0","NO"
"104","TECHNO CERAM","3215","SIFAR GRIS POLI REC 90/90 (2éme)","0","0","","0","","0","","0","NO"
"105","TECHNO CERAM","1285","OSCAR MIX RELIEFE 120/60 (2me)","0","0","","0","","0","","0","NO"
"105","TECHNO CERAM","3218","OSCAR MIX RELIEFE 120/60 (2éme)","0","0","","0","","0","","0","NO"
"106","CERAM DECOR","1292","4D CALACATA REC 60/60 (2me)","0","0","","0","","0","","0","NO"
"106","CERAM DECOR","3213","4D CALACATA REC 60/60 (2éme)","0","0","","0","","0","","0","NO"
"107","TECHNO CERAM","1304","ARIEL MARFIL REC 60/60 (2me)","0","0","","0","","0","","0","NO"
"107","TECHNO CERAM","3219","ARIEL MARFIL REC 60/60 (2éme)","0","0","","0","","0","","0","NO"
"108","CERAM DECOR","1308","TORINO WHITE REC 60/60 (2me)","0","0","","0","","0","","0","NO"
"108","CERAM DECOR","3303","TORINO WHITE REC 60/60 (2éme)","0","0","","0","","0","","0","NO"
"109","TECHNO CERAM","1335","RITAL MARFIL REC 60/60 (2me)","0","0","","0","","0","","0","NO"
"109","TECHNO CERAM","3177","RITAL MARFIL REC 60/60 (2éme)","103.68","0","","0","","0","","0","YES"
"110","CERAM DECOR","1344","CHANEL BEIGE RELIEFE 30/90 (Mý)","0","0","","0","","0","","0","NO"
"110","CERAM DECOR","3185","CHANEL BEIGE RELIEFE 30/90 (M²)","0","0","","0","","0","","0","NO"
"111","TECHNO CERAM","1350","PRESIDENT BEIGE 45/90 (2me)","0","0","","0","","0","","0","NO"
"111","TECHNO CERAM","3172","PRESIDENT BEIGE 45/90 (2éme)","0","0","","0","","0","","0","NO"
"112","TECHNO CERAM","1351","VERONA GRIS REC (2me)","0","0","","0","","0","","0","NO"
"112","TECHNO CERAM","3236","VERONA GRIS REC (2éme)","51.84","0","","0","","0","","0","YES"
"113","TECHNO CERAM","1376","JET CREMA REC 60/60 (2me)","0","0","","0","","0","","0","NO"
"113","TECHNO CERAM","3178","JET CREMA REC 60/60 (2éme)","0","0","","0","","0","","0","NO"
"114","TIMGAD CERAM","1389","JULIA WHITE RELIEFE 30/90 (Mý)","0","0","","0","","0","","0","NO"
"114","TIMGAD CERAM","3058","JULIA WHITE RELIEFE 30/90 (M²)","0","0","","0","","0","","0","NO"
"115","TECHNO CERAM","1439","CALACATA REC 60/60 (2me)","0","1","Sun Feb 22 2026 00:00:00 GMT+0100 (Central European Standard Time)","7.2","RETAIL","0","","0","YES"
"115","TECHNO CERAM","3170","CALACATA REC 60/60 (2éme)","0","0","","0","","0","","0","NO"
"116","CERAM DECOR","1471","OPERA CREMA 30/90 (2me)","0","0","","0","","0","","0","NO"
"116","CERAM DECOR","3155","OPERA CREMA 30/90 (2éme)","0","0","","0","","0","","0","NO"
"117","TIMGAD CERAM","1487","FICHE:JASMINE POLI/REC 120/60","1","0","","0","","0","","0","YES"
"117","TIMGAD CERAM","3603","JASMINE POLI REC 120/60","0","0","","0","","0","","0","NO"
"117","TIMGAD CERAM","3769","FICHE:JASMINE POLI REC 120/60","1","0","","0","","0","","0","YES"
"118","CERAM DECOR","1605","FICHE:4D CALACATA REC 30/90","1","0","","0","","0","","0","YES"
"118","CERAM DECOR","2674","CALACATA 4D 30/90","0","0","","0","","0","","0","NO"
"118","CERAM DECOR","2697","FICHE:CALACATA 4D 30/90","1","0","","0","","0","","0","YES"
"119","CERAM DECOR","1631","BAVARIA GRIS REC 60/60 (2me)","0","0","","0","","0","","0","NO"
"119","CERAM DECOR","3246","BAVARIA GRIS REC 60/60 (2éme)","0","0","","0","","0","","0","NO"
"120","CERAM DECOR","1695","PRIVA BEIGE RELIEFE 25/80 (Mý)","0","0","","0","","0","","0","NO"
"120","CERAM DECOR","3198","PRIVA BEIGE RELIEFE 25/80 (M²)","0","0","","0","","0","","0","NO"
"121","CERAM DECOR","1702","ONE BEIGE REC 60/60 (2me)","0","0","","0","","0","","0","NO"
"121","CERAM DECOR","3239","ONE BEIGE REC 60/60 (2éme)","0","0","","0","","0","","0","NO"
"122","CERAM DECOR","1796","METRO LUXE GOLD RELIEFE 30/90 (Mý)","0","0","","0","","0","","0","NO"
"122","CERAM DECOR","3256","METRO LUXE GOLD RELIEFE 30/90 (M²)","0","0","","0","","0","","0","NO"
"123","CERAM DECOR","1815","TRAVA BEIGE REC 60/60 (2me)","0","0","","0","","0","","0","NO"
"123","CERAM DECOR","3248","TRAVA BEIGE REC 60/60 (2éme)","0","0","","0","","0","","0","NO"
"124","CERAM DECOR","1816","STORM CALACATA RELIEFE 25/80 (Mý)","0","0","","0","","0","","0","NO"
"124","CERAM DECOR","3193","STORM CALACATA RELIEFE 25/80 (M²)","0","0","","0","","0","","0","NO"
"125","CERAM DECOR","1817","TRAVA GRIS REC 60/60 (2me)","0","0","","0","","0","","0","NO"
"125","CERAM DECOR","3249","TRAVA GRIS REC 60/60 (2éme)","0","0","","0","","0","","0","NO"
"126","CERAM DECOR","1860","CHANEL BEIGE GLOSSY REC 60/60 (2me)","0","0","","0","","0","","0","NO"
"126","CERAM DECOR","3250","CHANEL BEIGE GLOSSY REC 60/60 (2éme)","103.68","0","","0","","0","","0","YES"
"127","TIMGAD CERAM","1900","VERONA GRIS RELIEFE 25/75 (Mý)","0","0","","0","","0","","0","NO"
"127","TIMGAD CERAM","3092","VERONA GRIS RELIEFE 25/75 (M²)","0","0","","0","","0","","0","NO"
"128","TIMGAD CERAM","1906","MAJESTIC RELIEFE 25/75 (Mý)","0","0","","0","","0","","0","NO"
"128","TIMGAD CERAM","3087","MAJESTIC RELIEFE 25/75 (M²)","0","0","","0","","0","","0","NO"
"129","CERAM DECOR","1912","FICHE:WOOD DARK GRIS +GRIS BLACK 30/90","1","0","","0","","0","","0","YES"
"129","CERAM DECOR","3849","FICHE:WOOD DARK GRIS+GRIS BLACK 30/90","7","0","","0","","0","","0","YES"
"130","ELVA CERAM","1930","JAPAN LIGHT REC 60/60 (2me)","0","0","","0","","0","","0","NO"
"130","ELVA CERAM","3186","JAPAN LIGHT REC 60/60 (2éme)","0","0","","0","","0","","0","NO"
"131","ELVA CERAM","1934","MARCHE PORTLAND BEIGE 120/60 (2me)","0","0","","0","","0","","0","NO"
"131","ELVA CERAM","3288","MARCHE PORTLAND BEIGE 120/60 (2éme)","0","0","","0","","0","","0","NO"
"132","ELVA CERAM","1945","VITA GRIS POLI REC 120/60 (2me)","0","0","","0","","0","","0","NO"
"132","ELVA CERAM","3122","VITA GRIS POLI REC 120/60 (2éme)","0","0","","0","","0","","0","NO"
"133","NAF CERAM","1947","ALASKA GOLD RELIEFE 25/75 (Mý)","0","0","","0","","0","","0","NO"
"133","NAF CERAM","3220","ALASKA GOLD RELIEFE 25/75 (M²)","0","0","","0","","0","","0","NO"
"134","ELVA CERAM","1950","OSCAR SILVER REC 60/60 (2me)","0","0","","0","","0","","0","NO"
"134","ELVA CERAM","3144","OSCAR SILVER REC 60/60 (2éme)","0","0","","0","","0","","0","NO"
"135","ELVA CERAM","1951","POLO SILVER REC 60/60 (2me)","0","0","","0","","0","","0","NO"
"135","ELVA CERAM","3180","POLO SILVER REC 60/60 (2éme)","0","0","","0","","0","","0","NO"
"136","NAF CERAM","1970","CRYSTALE RELIEFE 30/60 (Mý)","0","0","","0","","0","","0","NO"
"136","NAF CERAM","3111","CRYSTALE RELIEFE 30/60 (M²)","0","0","","0","","0","","0","NO"
"137","ELVA CERAM","1971","JAPAN LIGHT GRIS REC 120/60 (2me)","0","0","","0","","0","","0","NO"
"137","ELVA CERAM","3118","JAPAN LIGHT GRIS REC 120/60 (2éme)","0","0","","0","","0","","0","NO"
"138","ELVA CERAM","1972","MARCHE PORTLAND LIGHT GRIS 120/60 (2me)","0","0","","0","","0","","0","NO"
"138","ELVA CERAM","3285","MARCHE PORTLAND LIGHT GRIS 120/60 (2éme)","0","0","","0","","0","","0","NO"
"139","ELVA CERAM","1974","JAPAN DARK GRIS REC 120/60 (2me)","0","0","","0","","0","","0","NO"
"139","ELVA CERAM","3117","JAPAN DARK GRIS REC 120/60 (2éme)","0","0","","0","","0","","0","NO"
"140","ELVA CERAM","1977","MARCHE URBAIN SILVER 120/60 (2me)","0","0","","0","","0","","0","NO"
"140","ELVA CERAM","3284","MARCHE URBAIN SILVER 120/60 (2éme)","0","0","","0","","0","","0","NO"
"141","ELVA CERAM","1980","SOFT WOOD BEIGE 20/75 (2me)","0","0","","0","","0","","0","NO"
"141","ELVA CERAM","3243","SOFT WOOD BEIGE 20/75 (2éme)","0","0","","0","","0","","0","NO"
"142","ELVA CERAM","1981","SOFT WOOD LIGHT GRIS 20/75 (2me)","0","0","","0","","0","","0","NO"
"142","ELVA CERAM","3244","SOFT WOOD LIGHT GRIS 20/75 (2éme)","0","0","","0","","0","","0","NO"
"143","GALA CERAM","1999","FICHE:SINA? REC 60/60","0","0","","0","","0","","0","NO"
"143","GALA CERAM","3647","SINAΪ REC 60/60","103.68","0","","0","","0","","0","YES"
"143","GALA CERAM","3823","FICHE:SINAΪ REC 60/60","0","0","","0","","0","","0","NO"
"144","ELVA CERAM","2007","PERLE TURQUOISE POLI REC 120/60 (2me)","0","0","","0","","0","","0","NO"
"144","ELVA CERAM","3247","PERLE TURQUOISE POLI REC 120/60 (2éme)","0","0","","0","","0","","0","NO"
"145","NAF CERAM","2031","MALAGA GOLD 25/75 (2me)","0","0","","0","","0","","0","NO"
"145","NAF CERAM","3286","MALAGA GOLD 25/75 (2éme)","0","0","","0","","0","","0","NO"
"146","ELVA CERAM","2040","SOFT WOOD NATURE 20/75 (2me)","0","0","","0","","0","","0","NO"
"146","ELVA CERAM","3245","SOFT WOOD NATURE 20/75 (2éme)","0","0","","0","","0","","0","NO"
"147","NAF CERAM","2041","GLORIA GRIS RELIEFE 25/60 (Mý)","0","0","","0","","0","","0","NO"
"147","NAF CERAM","3123","GLORIA GRIS RELIEFE 25/60 (M²)","0","0","","0","","0","","0","NO"
"148","ELVA CERAM","2042","TITAN BEIGE REC 60/60 (2me)","0","0","","0","","0","","0","NO"
"148","ELVA CERAM","3081","TITAN BEIGE REC 60/60 (2éme)","0","0","","0","","0","","0","NO"
"149","ROYAL CERAM","2050","ATLANTA BEIGE RELIEFE 45/90 (Mý)","0","0","","0","","0","","0","NO"
"149","ROYAL CERAM","3253","ATLANTA BEIGE RELIEFE 45/90 (M²)","0","0","","0","","0","","0","NO"
"150","ROYAL CERAM","2059","NERO BLACK POLI REC 45/90 (2me)","0","0","","0","","0","","0","NO"
"150","ROYAL CERAM","3254","NERO BLACK POLI REC 45/90 (2éme)","0","0","","0","","0","","0","NO"
"151","ROYAL CERAM","2060","NERO BLANC 45/90 (2me)","0","0","","0","","0","","0","NO"
"151","ROYAL CERAM","3255","NERO BLANC 45/90 (2éme)","0","0","","0","","0","","0","NO"
"152","ROYAL CERAM","2069","NEST OXID 33/33 (2me)","0","0","","0","","0","","0","NO"
"152","ROYAL CERAM","3152","NEST OXID 33/33 (2éme)","0","0","","0","","0","","0","NO"
"153","ROYAL CERAM","2070","JIAN MARBRE REC 60/60 (2me)","0","0","","0","","0","","0","NO"
"153","ROYAL CERAM","3191","JIAN MARBRE REC 60/60 (2éme)","0","0","","0","","0","","0","NO"
"154","ROYAL CERAM","2074","ARCILLA ROJO 33/33 (2me)","0","0","","0","","0","","0","NO"
"154","ROYAL CERAM","3153","ARCILLA ROJO 33/33 (2éme)","0","0","","0","","0","","0","NO"
"155","ROYAL CERAM","2080","ORION MARBRE 45/45 (2me)","0","0","","0","","0","","0","NO"
"155","ROYAL CERAM","3299","ORION MARBRE 45/45 (2éme)","0","0","","0","","0","","0","NO"
"156","ROYAL CERAM","2099","ROME MARBRE POLI REC 60/60 (2me)","0","0","","0","","0","","0","NO"
"156","ROYAL CERAM","3200","ROME MARBRE POLI REC 60/60 (2éme)","0","0","","0","","0","","0","NO"
"157","ROYAL CERAM","2104","NEVERTI MARBRE REC 60/60 (2me)","0","0","","0","","0","","0","NO"
"157","ROYAL CERAM","3161","NEVERTI MARBRE REC 60/60 (2éme)","0","0","","0","","0","","0","NO"
"158","ROYAL CERAM","2107","TOKYO BLACK POLI REC 60/60 (2me)","0","0","","0","","0","","0","NO"
"158","ROYAL CERAM","3204","TOKYO BLACK POLI REC 60/60 (2éme)","0","0","","0","","0","","0","NO"
"159","ROYAL CERAM","2111","ARCILLA TAUPE 33/33 (2me)","0","0","","0","","0","","0","NO"
"159","ROYAL CERAM","3151","ARCILLA TAUPE 33/33 (2éme)","0","0","","0","","0","","0","NO"
"160","ROYAL CERAM","2153","NEST GRIS 33/33 (2me)","0","0","","0","","0","","0","NO"
"160","ROYAL CERAM","3150","NEST GRIS 33/33 (2éme)","0","0","","0","","0","","0","NO"
"161","ELVA CERAM","2178","CASTEL BEIGE 3D WALL STONE 120/60 (2me)","0","0","","0","","0","","0","NO"
"161","ELVA CERAM","3110","CASTEL BEIGE 3D WALL STONE 120/60 (2éme)","0","0","","0","","0","","0","NO"
"162","ELVA CERAM","2189","MARCHE GRANIT CREMA 120/60 (2me)","0","0","","0","","0","","0","NO"
"162","ELVA CERAM","3272","MARCHE GRANIT CREMA 120/60 (2éme)","0","0","","0","","0","","0","NO"
"163","ELVA CERAM","2195","MARCHE PREMIUM GRIS 120/60 (2me)","0","0","","0","","0","","0","NO"
"163","ELVA CERAM","3270","MARCHE PREMIUM GRIS 120/60 (2éme)","0","0","","0","","0","","0","NO"
"164","ELVA CERAM","2198","MARBLE WHITE REC 60/60 (2me)","0","0","","0","","0","","0","NO"
"164","ELVA CERAM","3210","MARBLE WHITE REC 60/60 (2éme)","0","0","","0","","0","","0","NO"
"165","ELVA CERAM","2202","CESAR BLACK POLI REC 120/60 (2me)","0","0","","0","","0","","0","NO"
"165","ELVA CERAM","3211","CESAR BLACK POLI REC 120/60 (2éme)","0","0","","0","","0","","0","NO"
"166","ELVA CERAM","2203","VENTO GRIS POLI REC 120/60 (2me)","0","0","","0","","0","","0","NO"
"166","ELVA CERAM","3305","VENTO GRIS POLI REC 120/60 (2éme)","0","0","","0","","0","","0","NO"
"167","ELVA CERAM","2208","ELEMENT POLI REC 120/60 (2me)","0","0","","0","","0","","0","NO"
"167","ELVA CERAM","3106","ELEMENT POLI REC 120/60 (2éme)","0","0","","0","","0","","0","NO"
"168","ELVA CERAM","2216","ONYX BLUE POLI REC 120/60 (2me)","0","0","","0","","0","","0","NO"
"168","ELVA CERAM","3171","ONYX BLUE POLI REC 120/60 (2éme)","0","0","","0","","0","","0","NO"
"169","ELVA CERAM","2219","MARCHE PREMIRA BLACK 120/60 (2me)","0","0","","0","","0","","0","NO"
"169","ELVA CERAM","3281","MARCHE PREMIRA BLACK 120/60 (2éme)","0","0","","0","","0","","0","NO"
"170","ELVA CERAM","2221","ROCK GRIS REC 60/60 (2me)","0","0","","0","","0","","0","NO"
"170","ELVA CERAM","3138","ROCK GRIS REC 60/60 (2éme)","0","0","","0","","0","","0","NO"
"171","ELVA CERAM","2222","ONYX LIGHT POLI REC 120/60 (2me)","0","0","","0","","0","","0","NO"
"171","ELVA CERAM","3174","ONYX LIGHT POLI REC 120/60 (2éme)","0","0","","0","","0","","0","NO"
"172","ELVA CERAM","2223","MARCHE GRANIT ROSE 120/60 (2me)","0","0","","0","","0","","0","NO"
"172","ELVA CERAM","3279","MARCHE GRANIT ROSE 120/60 (2éme)","0","0","","0","","0","","0","NO"
"173","ELVA CERAM","2225","MAGNUM BLACK POLI REC 120/60 (2me)","0","0","","0","","0","","0","NO"
"173","ELVA CERAM","3308","MAGNUM BLACK POLI REC 120/60 (2éme)","0","0","","0","","0","","0","NO"
"174","ELVA CERAM","2226","TORONTO SILVER REC 60/60 (2me)","0","0","","0","","0","","0","NO"
"174","ELVA CERAM","3229","TORONTO SILVER REC 60/60 (2éme)","0","0","","0","","0","","0","NO"
"175","ELVA CERAM","2230","SUPER BEIGE REC 60/60 (2me)","0","0","","0","","0","","0","NO"
"175","ELVA CERAM","3167","SUPER BEIGE REC 60/60 (2éme)","0","0","","0","","0","","0","NO"
"176","ELVA CERAM","2231","MARCHE PERLATO BEIGE 120/60 (2me)","0","0","","0","","0","","0","NO"
"176","ELVA CERAM","3274","MARCHE PERLATO BEIGE 120/60 (2éme)","0","0","","0","","0","","0","NO"
"177","ELVA CERAM","2233","GLASS BLACK POLI REC 120/60 (2me)","0","0","","0","","0","","0","NO"
"177","ELVA CERAM","3133","GLASS BLACK POLI REC 120/60 (2éme)","0","0","","0","","0","","0","NO"
"178","ELVA CERAM","2234","MARCHE TAN BROWN 120/60 (2me)","0","0","","0","","0","","0","NO"
"178","ELVA CERAM","3275","MARCHE TAN BROWN 120/60 (2éme)","0","0","","0","","0","","0","NO"
"179","ELVA CERAM","2237","LIVERPOL GRIS REC 60/60 (2me)","0","0","","0","","0","","0","NO"
"179","ELVA CERAM","3169","LIVERPOL GRIS REC 60/60 (2éme)","0","0","","0","","0","","0","NO"
"180","ELVA CERAM","2240","GRANIT GRIS POLI REC 120/60 (2me)","0","0","","0","","0","","0","NO"
"180","ELVA CERAM","3209","GRANIT GRIS POLI REC 120/60 (2éme)","0","0","","0","","0","","0","NO"
"181","ELVA CERAM","2246","VENICIA GOLD POLI REC 120/60 (2me)","0","0","","0","","0","","0","NO"
"181","ELVA CERAM","3201","VENICIA GOLD POLI REC 120/60 (2éme)","0","1","Wed Feb 18 2026 00:00:00 GMT+0100 (Central European Standard Time)","1","RETAIL","0","","0","YES"
"182","ELVA CERAM","2252","CITY BEIGE REC 60/60 (2me)","0","0","","0","","0","","0","NO"
"182","ELVA CERAM","3202","CITY BEIGE REC 60/60 (2éme)","0","0","","0","","0","","0","NO"
"183","ELVA CERAM","2254","LIMIT GRIS REC (2me) 60/60","0","0","","0","","0","","0","NO"
"183","ELVA CERAM","3160","LIMIT GRIS REC (2éme) 60/60","0","0","","0","","0","","0","NO"
"184","ELVA CERAM","2264","JACOB BLACK POLI REC 120/60 (2me)","0","0","","0","","0","","0","NO"
"184","ELVA CERAM","3257","JACOB BLACK POLI REC 120/60 (2éme)","0","0","","0","","0","","0","NO"
"185","ELVA CERAM","2275","MAGMA BLACK POLI REC 120/60 (2me)","0","0","","0","","0","","0","NO"
"185","ELVA CERAM","3295","MAGMA BLACK POLI REC 120/60 (2éme)","0","0","","0","","0","","0","NO"
"186","ELVA CERAM","2276","GRANIT GRIS REC 120/60 (2me)","0","0","","0","","0","","0","NO"
"186","ELVA CERAM","3294","GRANIT GRIS REC 120/60 (2éme)","0","0","","0","","0","","0","NO"
"187","ELVA CERAM","2277","FUNNY GOLD REC 60/60 (2me)","0","0","","0","","0","","0","NO"
"187","ELVA CERAM","3199","FUNNY GOLD REC 60/60 (2éme)","0","0","","0","","0","","0","NO"
"188","ELVA CERAM","2287","MICRA BROWN POLI REC 120/60 (2me)","0","0","","0","","0","","0","NO"
"188","ELVA CERAM","3265","MICRA BROWN POLI REC 120/60 (2éme)","0","0","","0","","0","","0","NO"
"189","ELVA CERAM","2296","MACAU BLACK POLI REC 120/60 (2me)","0","0","","0","","0","","0","NO"
"189","ELVA CERAM","3107","MACAU BLACK POLI REC 120/60 (2éme)","0","0","","0","","0","","0","NO"
"190","ELVA CERAM","2299","ELEGANO BLACK REC 120/60 (2me)","0","0","","0","","0","","0","NO"
"190","ELVA CERAM","3205","ELEGANO BLACK REC 120/60 (2éme)","0","0","","0","","0","","0","NO"
"191","ELVA CERAM","2306","ARCO BEIGE POLI REC 120/60 (2me)","0","0","","0","","0","","0","NO"
"191","ELVA CERAM","3175","ARCO BEIGE POLI REC 120/60 (2éme)","0","0","","0","","0","","0","NO"
"192","ELVA CERAM","2307","MAGIC SILVER REC 60/60 (2me)","0","0","","0","","0","","0","NO"
"192","ELVA CERAM","3176","MAGIC SILVER REC 60/60 (2éme)","0","0","","0","","0","","0","NO"
"193","ELVA CERAM","2418","EXTEND GRIS POLI REC 70/70 (2me)","0","0","","0","","0","","0","NO"
"193","ELVA CERAM","3156","EXTEND GRIS POLI REC 70/70 (2éme)","0","0","","0","","0","","0","NO"
"194","ELVA CERAM","2419","EXOTIC GOLD POLI REC 70/70 (2me)","0","0","","0","","0","","0","NO"
"194","ELVA CERAM","3157","EXOTIC GOLD POLI REC 70/70 (2éme)","0","0","","0","","0","","0","NO"
"195","TECHNO CERAM","2455","OXFORD BLANC REC 60/60 (2me)","0","0","","0","","0","","0","NO"
"195","TECHNO CERAM","3154","OXFORD BLANC REC 60/60 (2éme)","0","0","","0","","0","","0","NO"
"196","TECHNO CERAM","2461","RITAL MARFIL RELIEFE 30/90 (Mý)","0","0","","0","","0","","0","NO"
"196","TECHNO CERAM","3063","RITAL MARFIL RELIEFE 30/90 (M²)","0","0","","0","","0","","0","NO"
"197","TECHNO CERAM","2467","MARA MARFIL SATINE RELIEFE 30/90 (Mý)","0","0","","0","","0","","0","NO"
"197","TECHNO CERAM","3192","MARA MARFIL SATINE RELIEFE 30/90 (M²)","77.76","0","","0","","0","","0","YES"
"198","TECHNO CERAM","2470","ROMA BLANC REC 60/60 (2me)","0","0","","0","","0","","0","NO"
"198","TECHNO CERAM","3158","ROMA BLANC REC 60/60 (2éme)","0","0","","0","","0","","0","NO"
"199","TECHNO CERAM","2474","VIVA MARFIL REC 60/60 (2me)","0","0","","0","","0","","0","NO"
"199","TECHNO CERAM","3159","VIVA MARFIL REC 60/60 (2éme)","0","0","","0","","0","","0","NO"
"200","TECHNO CERAM","2492","VERONA WOOD RELIEFE 45/90 (Mý)","0","0","","0","","0","","0","NO"
"200","TECHNO CERAM","3065","VERONA WOOD RELIEFE 45/90 (M²)","0","0","","0","","0","","0","NO"
"201","CERAM DECOR","2530","NORDO GRIS 45/45 (2me)","0","0","","0","","0","","0","NO"
"201","CERAM DECOR","3276","NORDO GRIS 45/45 (2éme)","0","0","","0","","0","","0","NO"
"202","CERAM DECOR","2531","VAMOS GRIS REC 60/60 (2me)","0","0","","0","","0","","0","NO"
"202","CERAM DECOR","3230","VAMOS GRIS REC 60/60 (2éme)","0","0","","0","","0","","0","NO"
"203","TECHNO CERAM","2541","OSCAR CREMA RELIEFE 30/90 (2me)","0","0","","0","","0","","0","NO"
"203","TECHNO CERAM","3189","OSCAR CREMA RELIEFE 30/90 (2éme)","0","0","","0","","0","","0","NO"
"204","TECHNO CERAM","2560","MARABELLA 30/90 (2me)","0","0","","0","","0","","0","NO"
"204","TECHNO CERAM","3194","MARABELLA 30/90 (2éme)","0","0","","0","","0","","0","NO"
"205","TECHNO CERAM","2566","FLORA MARBRE GOLD REC 60/60 (2me)","0","1","Sun Feb 22 2026 00:00:00 GMT+0100 (Central European Standard Time)","5.76","RETAIL","0","","0","YES"
"205","TECHNO CERAM","3293","FLORA MARBRE GOLD REC 60/60 (2éme)","0","0","","0","","0","","0","NO"
"206","TECHNO CERAM","2568","EXTRA PERLA RELIEFE 30/90 (Mý)","0","0","","0","","0","","0","NO"
"206","TECHNO CERAM","3102","EXTRA PERLA RELIEFE 30/90 (M²)","0","0","","0","","0","","0","NO"
"207","TECHNO CERAM","2640","MARA MARFIL 30/90 (2me)","0","0","","0","","0","","0","NO"
"207","TECHNO CERAM","3196","MARA MARFIL 30/90 (2éme)","0","0","","0","","0","","0","NO"
"208","TECHNO CERAM","2646","RITAL EXTRA RELIEFE 30/90 (Mý)","0","0","","0","","0","","0","NO"
"208","TECHNO CERAM","3066","RITAL EXTRA RELIEFE 30/90 (M²)","0","0","","0","","0","","0","NO"
"209","TECHNO CERAM","2660","VERONA TOFFEE 45/90 (2me)","0","0","","0","","0","","0","NO"
"209","TECHNO CERAM","3068","VERONA TOFFEE 45/90 (2éme)","0","0","","0","","0","","0","NO"
"210","CERAM DECOR","2669","NORDO BEIGE 45/45 (2me)","0","0","","0","","0","","0","NO"
"210","CERAM DECOR","3273","NORDO BEIGE 45/45 (2éme)","0","0","","0","","0","","0","NO"
"211","TECHNO CERAM","2683","ROCKWELL PERLA RELIEFE 30/90 (Mý)","0","0","","0","","0","","0","NO"
"211","TECHNO CERAM","3104","ROCKWELL PERLA RELIEFE 30/90 (M²)","0","0","","0","","0","","0","NO"
"212","CERAM DECOR","2686","VAMOS GRIS 25/70 (2me)","0","0","","0","","0","","0","NO"
"212","CERAM DECOR","3233","VAMOS GRIS 25/70 (2éme)","0","0","","0","","0","","0","NO"
"213","SANI DECOR","2699","CHAISE DïEAU (SD-00026-S)","0","0","","0","","0","","0","NO"
"213","SANI DECOR","3109","CHAISE D´EAU (SD-00026-S)","0","0","","0","","0","","0","NO"
"214","SANI DECOR","2702","SIEGE SEPARE NICE VERTICAL (2me) (620-VERT)","0","0","","0","","0","","0","NO"
"214","SANI DECOR","3309","SIEGE SEPARE NICE VERTICAL (2éme) (620-VERT)","0","0","","0","","0","","0","NO"
"215","SANI DECOR","2703","AVABO SUSPENDUE DIAMOND (2me) (SD2-1060-SC)","0","0","","0","","0","","0","NO"
"215","SANI DECOR","3224","AVABO SUSPENDUE DIAMOND (2éme) (SD2-1060-SC)","0","0","","0","","0","","0","NO"
"216","SANI DECOR","2704","AVABO SUSPENDUE TWIN ROND (2me) (SD2-TWIRD-SC)","0","0","","0","","0","","0","NO"
"216","SANI DECOR","3225","AVABO SUSPENDUE TWIN ROND (2éme) (SD2-TWIRD-SC)","0","0","","0","","0","","0","NO"
"217","CERAM DECOR","2720","VAMOS BEIGE REC 60/60 (2me)","0","0","","0","","0","","0","NO"
"217","CERAM DECOR","3232","VAMOS BEIGE REC 60/60 (2éme)","0","0","","0","","0","","0","NO"
"218","TECHNO CERAM","2729","MIRNA EXTRA REC 60/60 (2me)","0","0","","0","","0","","0","NO"
"218","TECHNO CERAM","3283","MIRNA EXTRA REC 60/60 (2éme)","0","0","","0","","0","","0","NO"
"219","CERAM DECOR","2750","LEGANCY GOLD 45/45 (2me)","0","0","","0","","0","","0","NO"
"219","CERAM DECOR","3282","LEGANCY GOLD 45/45 (2éme)","0","0","","0","","0","","0","NO"
"220","ROYAL CERAM","2754","ARCILLA GRIS 33/33 (2me)","0","0","","0","","0","","0","NO"
"220","ROYAL CERAM","3134","ARCILLA GRIS 33/33 (2éme)","0","0","","0","","0","","0","NO"
"221","ROYAL CERAM","2755","ARCILLA LIGHT GRIS 33/33 (2me)","0","0","","0","","0","","0","NO"
"221","ROYAL CERAM","3135","ARCILLA LIGHT GRIS 33/33 (2éme)","0","0","","0","","0","","0","NO"
"222","ROYAL CERAM","2759","VENOM BLUE POLI REC 120/60 (2me)","0","0","","0","","0","","0","NO"
"222","ROYAL CERAM","3227","VENOM BLUE POLI REC 120/60 (2éme)","0","0","","0","","0","","0","NO"
"223","ROYAL CERAM","2776","ARCILLA MARENGO 33/33 (2me)","0","0","","0","","0","","0","NO"
"223","ROYAL CERAM","3139","ARCILLA MARENGO 33/33 (2éme)","0","0","","0","","0","","0","NO"
"224","SANI DECOR","2779","AVABO DIAMOND (2me) (SD-1060)","0","0","","0","","0","","0","NO"
"224","SANI DECOR","3149","AVABO DIAMOND (2éme) (SD-1060)","0","0","","0","","0","","0","NO"
"225","SANI DECOR","2786","SIEGE SEPARE NICE PLUS (2me) (SD2-620-ECOP)","0","0","","0","","0","","0","NO"
"225","SANI DECOR","3206","SIEGE SEPARE NICE PLUS (2éme) (SD2-620-ECOP)","9","0","","0","","0","","0","YES"
"226","SANI DECOR","2787","SIEGE SEPARE AQUA LUX (2me) (SD2-650-PK)","0","0","","0","","0","","0","NO"
"226","SANI DECOR","3208","SIEGE SEPARE AQUA LUX (2éme) (SD2-650-PK)","0","0","","0","","0","","0","NO"
"227","SANI DECOR","2792","SIEGE SEPARE OCEAN (2me) (SD-6005-MB)","0","0","","0","","0","","0","NO"
"227","SANI DECOR","3147","SIEGE SEPARE OCEAN (2éme) (SD-6005-MB)","0","0","","0","","0","","0","NO"
"228","ROYAL CERAM","2794","PORTO BEIGE REC 60/60 (2me)","0","0","","0","","0","","0","NO"
"228","ROYAL CERAM","3140","PORTO BEIGE REC 60/60 (2éme)","0","0","","0","","0","","0","NO"
"229","ROYAL CERAM","2798","PORTO GRIS REC 60/60 (2me)","0","0","","0","","0","","0","NO"
"229","ROYAL CERAM","3141","PORTO GRIS REC 60/60 (2éme)","0","0","","0","","0","","0","NO"
"230","ROYAL CERAM","2799","PRADA MARBRE REC 60/60 (2me)","0","0","","0","","0","","0","NO"
"230","ROYAL CERAM","3142","PRADA MARBRE REC 60/60 (2éme)","0","0","","0","","0","","0","NO"
"231","SANI DECOR","2804","SIEGE SEPARE OMEGA (2me) (SD-750-EC)","0","0","","0","","0","","0","NO"
"231","SANI DECOR","3115","SIEGE SEPARE OMEGA (2éme) (SD-750-EC)","0","0","","0","","0","","0","NO"
"232","SANI DECOR","2805","SIEGE MONO-BLOCK STYLE (2me) (SD2-6006-MB)","0","0","","0","","0","","0","NO"
"232","SANI DECOR","3116","SIEGE MONO-BLOCK STYLE (2éme) (SD2-6006-MB)","0","0","","0","","0","","0","NO"
"233","TECHNO CERAM","2810","VENICIA BLANC POLI REC 45/90 (2me)","0","0","","0","","0","","0","NO"
"233","TECHNO CERAM","3242","VENICIA BLANC POLI REC 45/90 (2éme)","0","0","","0","","0","","0","NO"
"234","CERAM DECOR","2815","PACIFICA BEIGE REC 60/60 (2me)","0","0","","0","","0","","0","NO"
"234","CERAM DECOR","3278","PACIFICA BEIGE REC 60/60 (2éme)","1.4211","0","","0","","0","","0","YES"
"235","TECHNO CERAM","2828","OSCAR CREMA RELIEFE 30/90 (Mý)","0","0","","0","","0","","0","NO"
"235","TECHNO CERAM","3051","OSCAR CREMA RELIEFE 30/90 (M²)","712.8","2","Thu Feb 26 2026 00:00:00 GMT+0100 (Central European Standard Time)","129.6","WHOLESALE","0","","0","YES"
"236","TECHNO CERAM","2834","PALACE NOIR POLI REC 45/90 (2me)","0","0","","0","","0","","0","NO"
"236","TECHNO CERAM","3241","PALACE NOIR POLI REC 45/90 (2éme)","0","0","","0","","0","","0","NO"
"237","TECHNO CERAM","2838","MONIKA MARBRE POLI REC 45/90 (2me)","0","0","","0","","0","","0","NO"
"237","TECHNO CERAM","3240","MONIKA MARBRE POLI REC 45/90 (2éme)","0","0","","0","","0","","0","NO"
"238","TECHNO CERAM","2840","LUNA TOFFEE REC 60/60 (2me)","0","0","","0","","0","","0","NO"
"238","TECHNO CERAM","3182","LUNA TOFFEE REC 60/60 (2éme)","0","0","","0","","0","","0","NO"
"239","TECHNO CERAM","2843","MELINA MARFIL REC 60/60 (2me)","0","0","","0","","0","","0","NO"
"239","TECHNO CERAM","3181","MELINA MARFIL REC 60/60 (2éme)","0","0","","0","","0","","0","NO"
"240","TECHNO CERAM","2846","MARABELLA SATINE RELIEFE 30/90 (Mý)","0","0","","0","","0","","0","NO"
"240","TECHNO CERAM","3184","MARABELLA SATINE RELIEFE 30/90 (M²)","0","0","","0","","0","","0","NO"
"241","TECHNO CERAM","2851","GAZELLE PERLA REC 60/60 (2me)","0","0","","0","","0","","0","NO"
"241","TECHNO CERAM","3187","GAZELLE PERLA REC 60/60 (2éme)","0","0","","0","","0","","0","NO"
"242","TECHNO CERAM","2872","KINGDOM NATUREL POLI REC 90/90 (2me)","0","0","","0","","0","","0","NO"
"242","TECHNO CERAM","3216","KINGDOM NATUREL POLI REC 90/90 (2éme)","0","0","","0","","0","","0","NO"
"243","NAF CERAM","2878","DIANA GRIS RELIEFE 25/60 (Mý)","0","0","","0","","0","","0","NO"
"243","NAF CERAM","3126","DIANA GRIS RELIEFE 25/60 (M²)","0","0","","0","","0","","0","NO"
"244","ELVA CERAM","2889","ITALIA BLACK POLI REC 120/60 (2me)","0","0","","0","","0","","0","NO"
"244","ELVA CERAM","3251","ITALIA BLACK POLI REC 120/60 (2éme)","0","0","","0","","0","","0","NO"
"245","TECHNO CERAM","2892","MARA MARFIL RELIEFE 30/90 (Mý)","0","0","","0","","0","","0","NO"
"245","TECHNO CERAM","3164","MARA MARFIL RELIEFE 30/90 (M²)","77.76","3","Sun Mar 01 2026 00:00:00 GMT+0100 (Central European Standard Time)","90.72","RETAIL, WHOLESALE","0","","0","YES"
"246","TECHNO CERAM","2894","SPIDER NOIR POLI REC 90/90 (2me)","0","0","","0","","0","","0","NO"
"246","TECHNO CERAM","3238","SPIDER NOIR POLI REC 90/90 (2éme)","0","0","","0","","0","","0","NO"
"247","SANI DECOR","2898","AVABO WASH (SD-1055) (2me)","0","0","","0","","0","","0","NO"
"247","SANI DECOR","3307","AVABO WASH (SD-1055) (2éme)","10","0","","0","","0","","0","YES"
"248","NAF CERAM","2905","PIXEL BEIGE RELIEFE 25/75 (Mý)","0","0","","0","","0","","0","NO"
"248","NAF CERAM","3266","PIXEL BEIGE RELIEFE 25/75 (M²)","0.75","1","Mon Feb 23 2026 00:00:00 GMT+0100 (Central European Standard Time)","2.25","RETAIL","0","","0","YES"
"249","TECHNO CERAM","2920","KINGSTONE REC 60/60 (2me)","0","0","","0","","0","","0","NO"
"249","TECHNO CERAM","3277","KINGSTONE REC 60/60 (2éme)","0","0","","0","","0","","0","NO"
"250","TECHNO CERAM","2924","MARA MARFIL SATINE RELIEFE 30/90 (2me)","0","0","","0","","0","","0","NO"
"250","TECHNO CERAM","3197","MARA MARFIL SATINE RELIEFE 30/90 (2éme)","0","0","","0","","0","","0","NO"
"251","TECHNO CERAM","2928","FORMULA GRIS RELIEFE 45/90 (Mý)","0","0","","0","","0","","0","NO"
"251","TECHNO CERAM","3127","FORMULA GRIS RELIEFE 45/90 (M²)","0","0","","0","","0","","0","NO"
"252","NAF CERAM","2930","GLORIA BEIGE RELIEFE 25/60 (Mý)","0","0","","0","","0","","0","NO"
"252","NAF CERAM","3124","GLORIA BEIGE RELIEFE 25/60 (M²)","13.5","0","","0","","0","","0","YES"
"253","ELVA CERAM","2937","UPTOWN GRIS REC 60/60 (2me)","0","0","","0","","0","","0","NO"
"253","ELVA CERAM","3228","UPTOWN GRIS REC 60/60 (2éme)","0","0","","0","","0","","0","NO"
"254","TECHNO CERAM","2938","CALACATA RELIEFE 45/90 (56C) (Mý)","0","0","","0","","0","","0","NO"
"254","TECHNO CERAM","3082","CALACATA RELIEFE 45/90 (56C) (M²)","0","0","","0","","0","","0","NO"
"255","ELVA CERAM","2939","CORAL WHITE REC 60/60 (2me)","0","0","","0","","0","","0","NO"
"255","ELVA CERAM","3128","CORAL WHITE REC 60/60 (2éme)","0","0","","0","","0","","0","NO"
"256","NAF CERAM","2941","ELEGANCE SILVER 25/60 (2me)","0","0","","0","","0","","0","NO"
"256","NAF CERAM","3291","ELEGANCE SILVER 25/60 (2éme)","0","0","","0","","0","","0","NO"
"257","TECHNO CERAM","2954","JOY PERLA POLI REC 60/60 (2me)","0","0","","0","","0","","0","NO"
"257","TECHNO CERAM","3188","JOY PERLA POLI REC 60/60 (2éme)","0","0","","0","","0","","0","NO"
"258","TECHNO CERAM","2960","PRESIDENT BEIGE RELIEFE 45/90 (Mý)","0","0","","0","","0","","0","NO"
"258","TECHNO CERAM","3137","PRESIDENT BEIGE RELIEFE 45/90 (M²)","0","0","","0","","0","","0","NO"
"259","ELVA CERAM","2962","HEXA CREMA REC 60/60 (2me)","0","0","","0","","0","","0","NO"
"259","ELVA CERAM","3179","HEXA CREMA REC 60/60 (2éme)","0","0","","0","","0","","0","NO"
"260","TECHNO CERAM","2982","TESLA BEIGE 30/90 (2me)","0","0","","0","","0","","0","NO"
"260","TECHNO CERAM","3195","TESLA BEIGE 30/90 (2éme)","0","0","","0","","0","","0","NO"
"261","TECHNO CERAM","2985","OSCAR CREMA 30/90 (2me)","0","0","","0","","0","","0","NO"
"261","TECHNO CERAM","3183","OSCAR CREMA 30/90 (2éme)","0","0","","0","","0","","0","NO"
"262","TECHNO CERAM","2986","VIVA MARFIL SIMPLE 30/90 (2me)","0","0","","0","","0","","0","NO"
"262","TECHNO CERAM","3077","VIVA MARFIL SIMPLE 30/90 (2éme)","0","0","","0","","0","","0","NO"
"263","TECHNO CERAM","2993","VENICIA GOLD RELIEFE 30/90 (Mý)","0","0","","0","","0","","0","NO"
"263","TECHNO CERAM","3062","VENICIA GOLD RELIEFE 30/90 (M²)","0","0","","0","","0","","0","NO"
"264","SANI DECOR","2994","CHASSE DïEAU (SD-00026-S)","0","0","","0","","0","","0","NO"
"264","SANI DECOR","3289","CHASSE D´EAU (SD-00026-S)","0","0","","0","","0","","0","NO"
"265","TECHNO CERAM","2996","MOTIF ROCKWELL TOFFEE 30/90 (2me)","0","0","","0","","0","","0","NO"
"265","TECHNO CERAM","3231","MOTIF ROCKWELL TOFFEE 30/90 (2éme)","132","0","","0","","0","","0","YES"
"266","ELVA CERAM","3000","ATLANTA GREEN GOLD POLI REC 120/60 (2me)","0","0","","0","","0","","0","NO"
"266","ELVA CERAM","3306","ATLANTA GREEN GOLD POLI REC 120/60 (2éme)","0","0","","0","","0","","0","NO"
"267","NAF CERAM","3001","MAJESTIC GOLD RELIEFE 25/75 (Mý)","0","0","","0","","0","","0","NO"
"267","NAF CERAM","3203","MAJESTIC GOLD RELIEFE 25/75 (M²)","0","0","","0","","0","","0","NO"
"268","TECHNO CERAM","3007","ATLAS CREMA REC 60/60 (2me)","0","1","Sat Feb 28 2026 00:00:00 GMT+0100 (Central European Standard Time)","2.16","RETAIL","0","","0","YES"
"268","TECHNO CERAM","3269","ATLAS CREMA REC 60/60 (2éme)","40.32","6","Thu Feb 26 2026 00:00:00 GMT+0100 (Central European Standard Time)","414.7743","RETAIL","0","","0","YES"
"269","TECHNO CERAM","3008","MARABELLA RELIEFE 30/90 (Mý)","0","0","","0","","0","","0","NO"
"269","TECHNO CERAM","3163","MARABELLA RELIEFE 30/90 (M²)","77.76","1","Thu Feb 26 2026 00:00:00 GMT+0100 (Central European Standard Time)","8.1","WHOLESALE","0","","0","YES"
"270","TECHNO CERAM","3012","CALACATA 45/90 (2me)","0","0","","0","","0","","0","NO"
"270","TECHNO CERAM","3259","CALACATA 45/90 (2éme)","0","0","","0","","0","","0","NO"
"271","TECHNO CERAM","3015","ROCKWELL TOFFEE RELIEFE 30/90 (2me)","0","0","","0","","0","","0","NO"
"271","TECHNO CERAM","3190","ROCKWELL TOFFEE RELIEFE 30/90 (2éme)","0","0","","0","","0","","0","NO"
"272","TECHNO CERAM","3032","ROMA BLANC RELIEFE LINE (B) 45/90 (Mý)","0","0","","0","","0","","0","NO"
"272","TECHNO CERAM","3079","ROMA BLANC RELIEFE LINE (B) 45/90 (M²)","0","0","","0","","0","","0","NO"
"273","CERAM DECOR","3037","CHANEL BEIGE REC 60/60 (2me)","0","0","","0","","0","","0","NO"
"273","CERAM DECOR","3212","CHANEL BEIGE REC 60/60 (2éme)","51.84","0","","0","","0","","0","YES"
"274","TIMGAD CERAM","3592","FICHE:SWEET/NOBLE GRIS 45/90","4","1","Thu Feb 26 2026 00:00:00 GMT+0100 (Central European Standard Time)","1","WHOLESALE","1","Sun Mar 01 2026 00:00:00 GMT+0100 (Central European Standard Time)","2","YES"
"274","TIMGAD CERAM","3655","SWEET/NOBLE GRIS 45/90","816.48","0","","0","","0","","0","YES"
"274","TIMGAD CERAM","3688","SWEET GRIS /NOBLE  45/90","862.65","6","Sun Mar 01 2026 00:00:00 GMT+0100 (Central European Standard Time)","396.495","RETAIL, WHOLESALE","0","","0","YES"
